year,kind,name,accredited_mw,net_firm_in_mw,load_at_tstar_mw,slack_mw,dual,from,to,flow_mw,limit_mw,at_bound
2030,zone,Denver,2039.0347000651038,5661.337090983196,7700.3717910483,-9.094947017729282e-13,-0.0,,,,,
2030,zone,North,6648.78970551616,-4662.0,1296.3492131168398,690.4404923993204,-0.0,,,,,
2030,zone,South,2949.742300000001,-420.65353029890724,2529.0887697010935,0.0,-0.0,,,,,
2030,zone,Mountain,252.20474999999996,23.89155207634323,276.0963020763432,0.0,-0.0,,,,,
2030,zone,East,2174.4376777871084,-357.4,437.03835611656376,1379.9993216705445,-0.0,,,,,
2030,zone,West,1193.74542,-245.17511276063215,948.5703072393678,0.0,-0.0,,,,,
2030,pipe,RA_pipe_South_West,,,,,,South,West,63.5,63.5,True
2030,pipe,RA_pipe_East_South,,,,,,East,South,484.4,484.4,True
2030,pipe,RA_pipe_East_North,,,,,,East,North,-591.5,591.5,True
2030,pipe,RA_pipe_Denver_South,,,,,,Denver,South,-1053.2370909831961,1610.4,False
2030,pipe,RA_pipe_Mountain_South,,,,,,Mountain,South,211.68356068428892,683.8,False
2030,pipe,RA_pipe_Denver_East,,,,,,Denver,East,-464.5,464.5,True
2030,pipe,RA_pipe_Mountain_West,,,,,,Mountain,West,-308.67511276063215,961.1,False
2030,pipe,RA_pipe_Denver_Mountain,,,,,,Denver,Mountain,-73.1,73.1,True
2030,pipe,RA_pipe_Denver_North,,,,,,Denver,North,-4070.5,4070.5,True
2030,pipe,RA_pipe_Mountain_North,,,,,,Mountain,North,0.0,0.0,True
2030,pipe,RA_pipe_North_West,,,,,,North,West,0.0,0.0,True
2035,zone,Denver,4569.243418272373,4191.265732590863,8760.509150863236,0.0,-0.0,,,,,
2035,zone,North,4560.91959981118,-3204.9779884556947,1355.9416113554857,-4.547473508864641e-13,-0.0,,,,,
2035,zone,South,1389.2903070000002,1374.5122558648313,2763.8025628648315,0.0,-0.0,,,,,
2035,zone,Mountain,1078.343862798957,-775.3594008340195,302.9844619649374,0.0,-0.0,,,,,
2035,zone,East,4070.4590028211464,-1540.4,485.3005241839105,2044.7584786372358,-0.0,,,,,
2035,zone,West,1086.99494,-45.04059916598044,1041.9543408340196,0.0,-0.0,,,,,
2035,pipe,RA_pipe_South_West,,,,,,South,West,-63.5,63.5,True
2035,pipe,RA_pipe_East_South,,,,,,East,South,484.4,484.4,True
2035,pipe,RA_pipe_East_North,,,,,,East,North,591.5,591.5,True
2035,pipe,RA_pipe_Denver_South,,,,,,Denver,South,142.8122558648315,1610.4,False
2035,pipe,RA_pipe_Mountain_South,,,,,,Mountain,South,683.8,683.8,True
2035,pipe,RA_pipe_Denver_East,,,,,,Denver,East,-464.5,464.5,True
2035,pipe,RA_pipe_Mountain_West,,,,,,Mountain,West,18.45940083401956,961.1,False
2035,pipe,RA_pipe_Denver_Mountain,,,,,,Denver,Mountain,-73.1,73.1,True
2035,pipe,RA_pipe_Denver_North,,,,,,Denver,North,-3796.4779884556947,4070.5,False
2035,pipe,RA_pipe_Mountain_North,,,,,,Mountain,North,0.0,0.0,True
2035,pipe,RA_pipe_North_West,,,,,,North,West,0.0,0.0,True
2040,zone,Denver,4322.004517272373,5644.594845056665,9966.599362329038,0.0,97585.9108054138,,,,,
2040,zone,North,4343.3475157157545,-2923.463946252325,1419.8835694634292,2.2737367544323206e-13,97585.9108054138,,,,,
2040,zone,South,3579.13831409103,-558.8403423973122,3020.2979716937175,4.547473508864641e-13,97585.9108054138,,,,,
2040,zone,Mountain,1078.108312798957,-744.7423605000231,333.36595229893396,0.0,97585.9108054138,,,,,
2040,zone,East,4492.719203797201,-1540.4,538.8808501508514,2413.4383536463492,-0.0,,,,,
2040,zone,West,1021.67557,122.85180409299562,1144.5273740929956,0.0,97585.9108054138,,,,,
2040,pipe,RA_pipe_South_West,,,,,,South,West,-63.5,63.5,True
2040,pipe,RA_pipe_East_South,,,,,,East,South,484.4,484.4,True
2040,pipe,RA_pipe_East_North,,,,,,East,North,591.5,591.5,True
2040,pipe,RA_pipe_Denver_South,,,,,,Denver,South,-1610.4,1610.4,True
2040,pipe,RA_pipe_Mountain_South,,,,,,Mountain,South,503.65965760268784,683.8,False
2040,pipe,RA_pipe_Denver_East,,,,,,Denver,East,-464.5,464.5,True
2040,pipe,RA_pipe_Mountain_West,,,,,,Mountain,West,186.35180409299562,961.1,False
2040,pipe,RA_pipe_Denver_Mountain,,,,,,Denver,Mountain,-54.73089880433963,73.1,False
2040,pipe,RA_pipe_Denver_North,,,,,,Denver,North,-3514.963946252325,4070.5,False
2040,pipe,RA_pipe_Mountain_North,,,,,,Mountain,North,0.0,0.0,True
2040,pipe,RA_pipe_North_West,,,,,,North,West,0.0,0.0,True
2045,zone,Denver,5856.938249180814,5481.798020433102,11338.736269613915,0.0,-0.0,,,,,
2045,zone,North,4230.882813863564,-2742.2980204331016,1488.5847934304616,4.547473508864641e-13,-0.0,,,,,
2045,zone,South,4956.948428724595,-1402.5703237624425,3300.597682543192,253.78042241896037,-0.0,,,,,
2045,zone,Mountain,1078.100262798957,-710.3750263166919,367.72523648226496,5.684341886080802e-14,-0.0,,,,,
2045,zone,East,4435.802748376837,-1540.4,598.3657077762005,2297.037040600637,-0.0,,,,,
2045,zone,West,343.34972999999997,913.8453500791343,1257.1950800791342,0.0,-0.0,,,,,
2045,pipe,RA_pipe_South_West,,,,,,South,West,63.5,63.5,True
2045,pipe,RA_pipe_East_South,,,,,,East,South,484.4,484.4,True
2045,pipe,RA_pipe_East_North,,,,,,East,North,591.5,591.5,True
2045,pipe,RA_pipe_Denver_South,,,,,,Denver,South,-1610.4,1610.4,True
2045,pipe,RA_pipe_Mountain_South,,,,,,Mountain,South,-213.0703237624424,683.8,False
2045,pipe,RA_pipe_Denver_East,,,,,,Denver,East,-464.5,464.5,True
2045,pipe,RA_pipe_Mountain_West,,,,,,Mountain,West,850.3453500791343,961.1,False
2045,pipe,RA_pipe_Denver_Mountain,,,,,,Denver,Mountain,-73.1,73.1,True
2045,pipe,RA_pipe_Denver_North,,,,,,Denver,North,-3333.7980204331016,4070.5,False
2045,pipe,RA_pipe_Mountain_North,,,,,,Mountain,North,0.0,0.0,True
2045,pipe,RA_pipe_North_West,,,,,,North,West,0.0,0.0,True
2050,zone,Denver,6681.280107325789,6218.5,12899.780107325789,0.0,3.456079866737127e-11,,,,,
2050,zone,North,8802.980556507002,-3479.0,1562.4974387291118,3761.48311777789,-0.0,,,,,
2050,zone,South,6324.360441007666,-1746.3,3606.9124326736637,971.148008334002,-0.0,,,,,
2050,zone,Mountain,1586.8399495502958,829.0767330905488,406.6157114558573,2009.3009711849872,-0.0,,,,,
2050,zone,East,3269.3527085174446,-1540.4,664.4062246577575,1064.546483859687,-0.0,,,,,
2050,zone,West,1662.829377619184,-281.8767330905489,1380.9526445286351,0.0,-0.0,,,,,
2050,pipe,RA_pipe_South_West,,,,,,South,West,-63.5,63.5,True
2050,pipe,RA_pipe_East_South,,,,,,East,South,484.4,484.4,True
2050,pipe,RA_pipe_East_North,,,,,,East,North,591.5,591.5,True
2050,pipe,RA_pipe_Denver_South,,,,,,Denver,South,-1610.4,1610.4,True
2050,pipe,RA_pipe_Mountain_South,,,,,,Mountain,South,-683.8,683.8,True
2050,pipe,RA_pipe_Denver_East,,,,,,Denver,East,-464.5,464.5,True
2050,pipe,RA_pipe_Mountain_West,,,,,,Mountain,West,-218.3767330905489,961.1,False
2050,pipe,RA_pipe_Denver_Mountain,,,,,,Denver,Mountain,-73.1,73.1,True
2050,pipe,RA_pipe_Denver_North,,,,,,Denver,North,-4070.5,4070.5,True
2050,pipe,RA_pipe_Mountain_North,,,,,,Mountain,North,0.0,0.0,True
2050,pipe,RA_pipe_North_West,,,,,,North,West,0.0,0.0,True
