Name,Area,TechType,status_category,group_type,is_grouped,Units,nameplate_mw,MaxCap,MaxStorage,PaybckCap,max_discharge_mw,CommissionDate,RetirementDate,NetGenLim,plant_codes,generator_ids,plant_name,energy_source,prime_mover,ba_code,filter_source,WasteHeat,WHBypass,AvgHtRate,heat_rate_source,co2_RelRateMWh,nox_RelRateMWh,so2_RelRateMWh,emission_source,FixedRate,EnCost,om_source,Fuel,accredited_capacity_pct,accredited_capacity_source,retirement_life_source,PaybckReq,MinCap,mincap_source,FOR,FORLength,MOR,gads_bin
Denver_PSCO_GasCC_small,Denver,Gas:CC,operating,small_cc,True,6,227.0,153.5,,,,1999-10-04,2029-10-04,,54372; 55200,GT1; GT2; ST1; UN5; UN6; UN7,Arapahoe Combustion Turbine Project; University of Colorado,NG,CT,PSCO,CO+BA,,,9087.206433,egrid_plant,1080.087,0.26,0.0059999999999999,egrid_plant,33.8,2.14,atb_2024,natural_gas,95.09,efordd_derate_nerc_gads_2020_2024,eia_aeo2026_30yr_cost_recovery,,34.49,eia860_2024,4.91,2.3,1.83,COMBINED CYCLE            All Sizes
cherokee__7,Denver,Gas:CC,operating,large_thermal,False,1,255.0,240.0,,,,2015-08-01,2045-08-01,,469,7,Cherokee,NG,CA,PSCO,CO+BA,,,,not_applicable,0.0,0.0,0.0,zero_direct_emission,17.56,1.1118,form1_2021_2023,natural_gas,95.09,efordd_derate_nerc_gads_2020_2024,aligned_to_last_linked_ct,,97.88,eia860_2024,4.91,2.3,1.83,COMBINED CYCLE            All Sizes
Denver_PSCO_GasCT_small,Denver,Gas:CT,operating,small_group,True,4,296.4,210.0,,,,2001-08-11,2031-08-11,,55207; 55505,BR1; BR2; UN7; UN8,Frank Knutson; Valmont Combustion Turbine Project,NG,GT,PSCO,CO+BA,,,12984.604532,egrid_plant,1543.846,0.373,0.008,egrid_plant,25.8,6.94,atb_2024,natural_gas,90.98,efordd_derate_nerc_gads_2020_2024,eia_aeo2026_30yr_cost_recovery,,77.94,eia860_2024,9.02,3.05,2.04,GAS TURBINE                 50 Plus
Denver_PSCO_GasCT_small_retiring,Denver,Gas:CT,operating,small_group,True,1,59.3,43.0,,,,1973-05-01,2026-12-01,,477,6,Valmont,NG,GT,PSCO,CO+BA,,,10800.0,proxy_tech_class,1260.0,0.5,0.03,proxy_fuel_factor,25.8,6.94,atb_2024,natural_gas,89.17,efordd_derate_nerc_gads_2020_2024,,,13.05,eia860_2024,10.83,4.91,1.96,GAS TURBINE                 020-049
blue_spruce_energy_center__CT01,Denver,Gas:CT,operating,large_thermal,False,1,198.9,130.0,,,,2003-05-01,2033-05-01,,55645,CT01,Blue Spruce Energy Center,NG,GT,PSCO,CO+BA,,,12405.622797,egrid_plant,1476.279,0.408,0.008,egrid_plant,4.44,1.1939,form1_2021_2023,natural_gas,90.98,efordd_derate_nerc_gads_2020_2024,eia_aeo2026_30yr_cost_recovery,,43.14,eia860_2024,9.02,3.05,2.04,GAS TURBINE                 50 Plus
blue_spruce_energy_center__CT02,Denver,Gas:CT,operating,large_thermal,False,1,198.9,134.0,,,,2003-05-01,2033-05-01,,55645,CT02,Blue Spruce Energy Center,NG,GT,PSCO,CO+BA,,,12405.622797,egrid_plant,1476.279,0.408,0.008,egrid_plant,4.44,1.1939,form1_2021_2023,natural_gas,90.98,efordd_derate_nerc_gads_2020_2024,eia_aeo2026_30yr_cost_recovery,,47.83,eia860_2024,9.02,3.05,2.04,GAS TURBINE                 50 Plus
canyon_peak_power_station_GasCT_proposed,Denver,Gas:CT,proposed,proposed,True,6,156.6,133.2,,,,2026-06-01,2056-06-01,,68741,CPP_1; CPP_2; CPP_3; CPP_4; CPP_5; CPP_6,Canyon Peak Power Station,NG,GT,WACM,CO+BA,,,10800.0,proxy_tech_class,1260.0,0.5,0.03,proxy_fuel_factor,25.8,6.94,atb_2024,natural_gas,89.17,efordd_derate_nerc_gads_2020_2024,eia_aeo2026_30yr_cost_recovery,,50.89,eia860_co_avg,10.83,4.91,1.96,GAS TURBINE                 020-049
cherokee__5,Denver,Gas:CT,operating,large_thermal,False,1,185.3,168.0,,,,2015-08-01,2045-08-01,,469,5,Cherokee,NG,CT,PSCO,CO+BA,cherokee__7,Yes,11698.5692331598,egrid_unit,1390.462078967437,0.1316689662468647,0.0069913115541782,egrid_unit,11.61,3.1236,form1_2021_2023,natural_gas,90.98,efordd_derate_nerc_gads_2020_2024,eia_aeo2026_30yr_cost_recovery,,29.01,eia860_2024,9.02,3.05,2.04,GAS TURBINE                 50 Plus
cherokee__6,Denver,Gas:CT,operating,large_thermal,False,1,185.3,168.0,,,,2015-08-01,2045-08-01,,469,6,Cherokee,NG,CT,PSCO,CO+BA,cherokee__7,Yes,11482.614029156675,egrid_unit,1364.7848400166656,0.1483514722560808,0.0068730440823896,egrid_unit,11.61,3.1236,form1_2021_2023,natural_gas,90.98,efordd_derate_nerc_gads_2020_2024,eia_aeo2026_30yr_cost_recovery,,29.01,eia860_2024,9.02,3.05,2.04,GAS TURBINE                 50 Plus
Denver_PSCO_GasIC_small,Denver,Gas:IC,operating,small_group,True,36,235.6,226.32,,,,2005-08-31,2035-08-31,,55650; 56516; 65898,2G01; 2G02; 2G03; 2G04; 2G05; 2G06; 2G07; 2G08; 2G09; 2G10; 2G11; 2G12; 2G13; 2G14; GE10; GE11; GE12; GE13; GE14; GE15; GE16; GE17; GE18; GE19; GE20; GEN1; GEN2; GEN3; GEN4; GEN5; GEN6; GEN7; GEN8; GEN9; T0041; T0042,Gaylord Rockies CHP; Plains End; Plains End II LLC,NG,IC,PSCO,CO+BA,,,9500.0,proxy_tech_class,1110.0,3.0,0.03,proxy_fuel_factor,25.8,6.94,atb_2024,natural_gas,83.08,efordd_derate_nerc_gads_2020_2024,eia_aeo2026_30yr_cost_recovery,,127.57,eia860_2024,16.92,3.94,2.92,JET ENGINE                  001-019
Denver_PSCO_GasST_small,Denver,Gas:ST,operating,small_group,True,3,35.0,40.0,,,,1980-08-31,2030-12-01,,10003,GEN1; GEN2; GEN3,Colorado Energy Nations Company,NG,ST,PSCO,CO+BA,,,13500.0,proxy_tech_class,1580.0,0.7,0.1,proxy_fuel_factor,25.8,6.94,atb_2024,natural_gas,79.59,efordd_derate_nerc_gads_2020_2024,eia_aeo2026_30yr_cost_recovery_floored_2030,,10.29,eia860_2024,20.41,12.88,4.19,FOSSIL  Gas Primary         001-099
cherokee__4,Denver,Gas:ST,operating,large_thermal,False,1,380.8,310.0,,,,1968-06-01,2027-12-01,,469,4,Cherokee,NG,ST,PSCO,CO+BA,,,11307.969750481108,egrid_unit,1344.0328063039422,0.707327385117798,0.0067865057149521,egrid_unit,11.61,3.1236,form1_2021_2023,natural_gas,89.93,efordd_derate_nerc_gads_2020_2024,,,179.1,eia860_2024,10.07,2.37,3.91,FOSSIL  Gas Primary         300-399
Denver_PSCO_Hydro_small,Denver,Hydro,operating,small_group,True,9,22.0,22.4,,,,1995-07-11,2095-07-11,,10081; 10424; 472; 54142; 54679; 54680; 55931,0001; 1; 2; GEN1; GEN2,Boulder City Betasso Hydro Plant; Boulder City Lakewood Hydro; Boulder City Silver Lake Hydro; Georgetown Hydro; Gross Hydro Plant; Hillcrest Pump Station; Strontia Springs Hydro Plant,WAT,HY,PSCO,CO+BA,,,,not_applicable,0.0,0.0,0.0,zero_emission,155.86,0.0,ornl_ferc1_median,,84.47,efordd_derate_nerc_gads_2020_2024,atb_2024_tech_life,,4.28,eia860_2024,15.53,8.62,3.29,HYDRO                       001-029
Denver_WACM_Hydro_small,Denver,Hydro,operating,small_group,True,1,3.1,3.1,,,,1985-05-01,2085-05-01,,10070,GEN1,Foothills Hydro Plant,WAT,HY,WACM,CO+BA,,,,not_applicable,0.0,0.0,0.0,zero_emission,155.86,0.0,ornl_ferc1_median,,84.47,efordd_derate_nerc_gads_2020_2024,atb_2024_tech_life,,0.4,eia860_2024,15.53,8.62,3.29,HYDRO                       001-029
cabin_creek__A,Denver,Hydro:Pumped,operating,individual_tech,False,1,150.0,170.0,680.0,170.0,,1967-06-01,2067-06-01,,467,A,Cabin Creek,WAT,PS,PSCO,CO+BA,,,,not_applicable,0.0,0.0,0.0,zero_emission,14.42,0.415,form1_hydro_2024_2025,,91.97,efordd_derate_nerc_gads_2020_2024,atb_2024_tech_life,125.0,85.0,eia860_2024,8.03,7.95,2.89,PUMPED STORAGE            All Sizes
cabin_creek__B,Denver,Hydro:Pumped,operating,individual_tech,False,1,150.0,170.0,680.0,170.0,,1967-06-01,2067-06-01,,467,B,Cabin Creek,WAT,PS,PSCO,CO+BA,,,,not_applicable,0.0,0.0,0.0,zero_emission,14.42,0.415,form1_hydro_2024_2025,,91.97,efordd_derate_nerc_gads_2020_2024,atb_2024_tech_life,125.0,85.0,eia860_2024,8.03,7.95,2.89,PUMPED STORAGE            All Sizes
Denver_PSCO_SolarPV_existing,Denver,Solar:PV,operating,renewable_zone,True,42,296.6,296.5,,,,2020-12-15,2050-12-15,Denver_Solar_CF,56815; 57645; 57681; 59849; 59850; 60320; 60724; 60725; 60726; 60764; 61439; 61563; 61752; 61753; 61811; 61991; 62243; 62245; 62252; 62253; 62254; 62256; 62667; 62877; 63276; 63277; 63278; 63536; 63869; 64200; 64388; 64880; 65178; 65231; 65235; 65236; 65237; 65806; 67201; 67441; 67446,1; 23376; 23377; 528; 53962; 53964; 53965; 53966; 53967; 53968; 53970; 724; 75020; 75021; 75023; 75024; ADCO1; ADCO2; ADEN3; ARAP3; BLD3; DGIBM; HCO; JSG; LFHSL; MTNS4; PANPV; PCEC; PI-QF; PV1; PV2; SC; SSCO1; TRUCO; X0056; X0133,"Adams Community Solar Garden III LLC; Adams Community Solar Garden LLC; Amazon DEN2 Solar Project; Amazon Denver DEN3; Arapahoe 3 Community Solar Array; CO LI CSG 1 - Kamerra; City & County of Denver at Denver Int'l; City of Boulder WWTP; DIA 8; DIA 9; Denver Int Airport; Denver Metro Solar; Hunter Solar, LLC (CO); IBM Solar; Imboden Solar Garden; Jack's Solar Garden; Jeffco Community Solar Gardens LLC; Lafayette Horizon Solar CSG LLC; Mtn. Solar 1; Mtn. Solar 2; Mtn. Solar 4 (CSG); Oak Leaf Solar XXI (CSG); Oak Leaf Solar XXII LLC (CSG); Oak Leaf Solar XXIII LLC (CSG); Oak Leaf Solar XXIV LLC (CSG); Oak Leaf Solar XXV LLC (CSG); Oak Leaf Solar XXVI LLC; Panasonic Carport Solar Hybrid; Pioneer Solar (CO), LLC; Pivot Solar 10; Pivot Solar 9; Quincy II Solar Garden; Titan Solar; TruStile Doors - Denver; Venture 1 - 1A CSG; Venture 2 - 1B; Venture 3 - 1C; Venture 4 - 1D; Victory Solar LLC; Xcel Adams 1 Community Solar Array; Xcel Adams 2 Community Solar Array",SUN,PV,PSCO,CO+BA,,,,not_applicable,0.0,0.0,0.0,zero_emission,22.0,0.0,lbnl_solar_2024,,,see_elcc_lookup_csv,atb_2024_tech_life,,296.5,must_run_maxcap,0.0,1.0,0.0,zero_outage
Denver_SWPP_SolarPV_existing,Denver,Solar:PV,operating,renewable_zone,True,8,19.5,19.5,,,,2020-02-26,2050-02-26,Denver_Solar_CF,59462; 59807; 64831; 66736; 66737; 66738; 66739; 66740,DIA4; DIA7; GBDIA; P4159; P4161; P4162; P4347; P4581,Airport 1 Solar (DIA); Denver Intl Airport IV Solar; Oak Leaf - CSG Portfolio (OL 36); Oak Leaf - CSG Portfolio (OL 37); Oak Leaf - CSG Portfolio (OL 38); Oak Leaf - CSG Portfolio (OL 39); Oak Leaf - CSG Portfolio (OL 44); Oak Leaf Solar XVIII LLC,SUN,PV,SWPP,CO_only,,,,not_applicable,0.0,0.0,0.0,zero_emission,22.0,0.0,lbnl_solar_2024,,,see_elcc_lookup_csv,atb_2024_tech_life,,19.5,must_run_maxcap,0.0,1.0,0.0,zero_outage
Denver_WACM_SolarPV_existing,Denver,Solar:PV,operating,renewable_zone,True,3,8.3,8.3,,,,2020-10-13,2050-10-13,Denver_Solar_CF,59144; 62664; 68944,15755; PI21; SO393,Brighton PV Solar Plant; Pivot Solar 21; Quincy Solar (CO),SUN,PV,WACM,CO+BA,,,,not_applicable,0.0,0.0,0.0,zero_emission,22.0,0.0,lbnl_solar_2024,,,see_elcc_lookup_csv,atb_2024_tech_life,,8.3,must_run_maxcap,0.0,1.0,0.0,zero_outage
Denver_PSCO_battery_4hr_small,Denver,Storage:Battery,operating,small_battery,True,2,15.6,15.6,62.6,15.6,15.6,2024-06-01,2039-06-01,,67301; 67307,PKWBA; PLVBA,Parkway Battery Storage; Platte Valley Battery Storage,MWH,BA,PSCO,CO+BA,,,,not_applicable,0.0,0.0,0.0,zero_emission,44.25,0.0,atb_2024,,,see_elcc_lookup_csv,atb_2024_tech_life,117.65,0.0,storage_zero,0.0,1.0,0.0,zero_outage
Denver_WACM_battery_4hr_small,Denver,Storage:Battery,operating,small_battery,True,1,11.8,11.8,47.0,11.8,11.8,2024-06-01,2039-06-01,,67305,BROBA,Bromley Battery Storage,MWH,BA,WACM,CO+BA,,,,not_applicable,0.0,0.0,0.0,zero_emission,44.25,0.0,atb_2024,,,see_elcc_lookup_csv,atb_2024_tech_life,117.65,0.0,storage_zero,0.0,1.0,0.0,zero_outage
Denver_WACM_battery_7hr_small,Denver,Storage:Battery,operating,small_battery,True,1,35.4,33.7,235.0,35.4,35.4,2024-12-01,2039-12-01,,68058,PCEBS,Prairie Center Energy LLC,MWH,BA,WACM,CO+BA,,,,not_applicable,0.0,0.0,0.0,zero_emission,44.25,0.0,atb_2024,,,see_elcc_lookup_csv,atb_2024_tech_life,117.65,0.0,storage_zero,0.0,1.0,0.0,zero_outage
East_WACM_GasCT_small,East,Gas:CT,operating,small_group,True,2,154.2,134.0,,,,2002-02-01,2032-02-01,,55504,L1; L2,Limon Generating Station,NG,GT,WACM,CO+BA,,,11435.948285,egrid_plant,1366.485,0.359,0.007,egrid_plant,25.8,6.94,atb_2024,natural_gas,90.98,efordd_derate_nerc_gads_2020_2024,eia_aeo2026_30yr_cost_recovery,,69.52,eia860_2024,9.02,3.05,2.04,GAS TURBINE                 50 Plus
East_PSCO_GasIC_small,East,Gas:IC,operating,small_group,True,5,10.0,10.0,,,,1964-05-08,2030-12-01,,6516,IC1A; IC2; IC3; IC4; IC5,Rocky Ford,DFO,IC,PSCO,CO+BA,,,9500.0,proxy_tech_class,1110.0,3.0,0.03,proxy_fuel_factor,25.8,6.94,atb_2024,distillate_fuel_oil,83.08,efordd_derate_nerc_gads_2020_2024,eia_aeo2026_30yr_cost_recovery_floored_2030,,10.0,eia860_2024,16.92,3.94,2.92,JET ENGINE                  001-019
East_WACM_GasIC_small,East,Gas:IC,operating,small_group,True,16,14.0,12.7,,,,1967-10-09,2030-12-01,,502; 504; 507; 8100,1; 2; 3; 4; 5; 6; CAT; EMD; IC4; IC5,Holly; Julesburg; Las Animas; Springfield (CO),DFO,IC,WACM,CO+BA,,,9500.0,proxy_tech_class,1110.0,3.0,0.03,proxy_fuel_factor,25.8,6.94,atb_2024,distillate_fuel_oil,90.82,efordd_derate_nerc_gads_2020_2024,eia_aeo2026_30yr_cost_recovery_floored_2030,,4.35,eia860_2024,9.18,2.38,2.55,JET ENGINE                All Sizes
East_PSCO_SolarPV_existing,East,Solar:PV,operating,renewable_zone,True,4,12.1,12.1,,,,2019-11-29,2049-11-29,East_Solar_CF,59198; 60722; 61606; 67465,1; CBEP1; LOGA1; STER3,"CBEP Solar 1, LLC; Logan 1 Community Solar Array; Sterling PV 3; Vilas Solar Array",SUN,PV,PSCO,CO+BA,,,,not_applicable,0.0,0.0,0.0,zero_emission,22.0,0.0,lbnl_solar_2024,,,see_elcc_lookup_csv,atb_2024_tech_life,,12.1,must_run_maxcap,0.0,1.0,0.0,zero_outage
East_WACM_SolarPV_existing,East,Solar:PV,operating,renewable_zone,True,8,14.5,14.5,,,,2022-05-18,2052-05-18,East_Solar_CF,63092; 64352; 64353; 64355; 64356; 64359; 68941; 68945,BHC3; PI37; RIVER; SC,"BH CSG 3; Mtn Solar 6 LLC (CSG); NSE Camber BH CSG 2, LLC; NSE Camber Solar PS11 LLC (CSG); NSE Camber Solar PS13 LLC (CSG); Pivot Solar 12 LLC(CSG); Pivot Solar 37; Riverview Solar",SUN,PV,WACM,CO+BA,,,,not_applicable,0.0,0.0,0.0,zero_emission,22.0,0.0,lbnl_solar_2024,,,see_elcc_lookup_csv,atb_2024_tech_life,,14.5,must_run_maxcap,0.0,1.0,0.0,zero_outage
sundance_co_SolarPV_proposed,East,Solar:PV,proposed,proposed,False,1,74.9,74.9,,,,2026-02-01,2056-02-01,East_Solar_CF,67666,SUNDN,Sundance (CO),SUN,PV,PSCO,CO+BA,,,,not_applicable,0.0,0.0,0.0,zero_emission,11.0,0.0,lbnl_solar_2024,,,see_elcc_lookup_csv,atb_2024_tech_life,,74.9,must_run_maxcap,0.0,1.0,0.0,zero_outage
East_Wind_pt1_PSCO_existing,East,Wind,operating,renewable_zone,True,5,244.5,244.0,,,,2005-01-07,2035-01-07,East_Wind_pt1_CF,508; 56173; 56460; 67160,CG; T1-T3; T1S; T4; WT1,Colorado Green Holdings LLC; Lamar Plant; Springfield Wind; Twin Buttes Wind Project,WND,WT,PSCO,CO+BA,,,,not_applicable,0.0,0.0,0.0,zero_emission,20.0,0.0,lbnl_wind_2024,,,see_elcc_lookup_csv,atb_2024_tech_life,,244.0,must_run_maxcap,0.0,1.0,0.0,zero_outage
East_Wind_pt1_WACM_existing,East,Wind,operating,renewable_zone,True,1,75.0,75.0,,,,2017-12-01,2047-12-01,East_Wind_pt1_CF,61040,WT1,Twin Buttes II Wind,WND,WT,WACM,CO+BA,,,,not_applicable,0.0,0.0,0.0,zero_emission,21.0,0.0,lbnl_wind_2024,,,see_elcc_lookup_csv,atb_2024_tech_life,,75.0,must_run_maxcap,0.0,1.0,0.0,zero_outage
East_Wind_pt2_PSCO_existing,East,Wind,operating,renewable_zone,True,7,1952.6,1932.9,,,,2017-01-10,2047-01-10,East_Wind_pt2_CF,57315; 58126; 58127; 59083; 60619; 63803; 66014,1; 1-139; GEN1; WBOPL; WBOPT; WT1,"Bronco Plains Wind II, LLC; Bronco Plains Wind, LLC; Cedar Point Wind; Limon III Wind LLC; Limon Wind I; Limon Wind II; Rush Creek Wind",WND,WT,PSCO,CO+BA,,,,not_applicable,0.0,0.0,0.0,zero_emission,20.82,0.0,form1_lbnl_blend_2024,,,see_elcc_lookup_csv,atb_2024_tech_life,,1932.9,must_run_maxcap,0.0,1.0,0.0,zero_outage
East_Wind_pt2_WACM_existing,East,Wind,operating,renewable_zone,True,1,104.0,104.0,,,,2021-04-01,2051-04-01,East_Wind_pt2_CF,62489,GEN1,Crossing Trails Wind Power Project LLC.,WND,WT,WACM,CO+BA,,,,not_applicable,0.0,0.0,0.0,zero_emission,18.0,0.0,lbnl_wind_2024,,,see_elcc_lookup_csv,atb_2024_tech_life,,104.0,must_run_maxcap,0.0,1.0,0.0,zero_outage
East_Wind_pt3_PSCO_existing,East,Wind,operating,renewable_zone,True,9,1345.8,1324.5,,,,2013-11-19,2043-11-19,East_Wind_pt3_CF,56320; 56563; 56613; 57290; 58769; 59975; 62952,1; CRW01; CW1; GE; SCIII; SIEM,Carousel Wind Farm LLC; Cheyenne Ridge Wind Farm; Logan Wind Energy; Northern Colorado Wind LLC; Peetz Table Wind Energy; Spring Canyon; Spring Canyon Expansion Wind Energy Ctr,WND,WT,PSCO,CO+BA,,,,not_applicable,0.0,0.0,0.0,zero_emission,20.78,0.0,form1_lbnl_blend_2024,,,see_elcc_lookup_csv,atb_2024_tech_life,,1324.5,must_run_maxcap,0.0,1.0,0.0,zero_outage
East_Wind_pt3_WACM_existing,East,Wind,operating,renewable_zone,True,4,352.7,352.1,,,,2017-11-13,2047-11-13,East_Wind_pt3_CF,57174; 57244; 65059,CHW1; CHW2; KCW; WNIYO,"Colorado Highlands Wind; Kit Carson Windpower; Niyol Wind, LLC",WND,WT,WACM,CO+BA,,,,not_applicable,0.0,0.0,0.0,zero_emission,19.25,0.0,lbnl_wind_2024,,,see_elcc_lookup_csv,atb_2024_tech_life,,352.1,must_run_maxcap,0.0,1.0,0.0,zero_outage
Mountain_PSCO_GasCT_small,Mountain,Gas:CT,operating,small_group,True,2,6.4,5.2,,,,1990-03-01,2030-12-01,,54630,T-1; T-2,American Gypsum Cogeneration,NG,GT,PSCO,CO+BA,,,17111.137393,egrid_plant,2006.974,5.915,0.097,egrid_plant,25.8,6.94,atb_2024,natural_gas,84.09,efordd_derate_nerc_gads_2020_2024,eia_aeo2026_30yr_cost_recovery_floored_2030,,0.81,eia860_2024,15.91,5.32,2.64,GAS TURBINE                 001-019
Mountain_PSCO_GasIC_small,Mountain,Gas:IC,operating,small_group,True,2,3.2,2.4,,,,1990-03-01,2030-12-01,,54630,D-1; D-2,American Gypsum Cogeneration,DFO,IC,PSCO,CO+BA,,,9500.0,proxy_tech_class,1110.0,3.0,0.03,proxy_fuel_factor,25.8,6.94,atb_2024,distillate_fuel_oil,83.08,efordd_derate_nerc_gads_2020_2024,eia_aeo2026_30yr_cost_recovery_floored_2030,,0.45,eia860_2024,16.92,3.94,2.92,JET ENGINE                  001-019
Mountain_PSCO_Hydro_small,Mountain,Hydro,operating,small_group,True,4,10.5,10.0,,,,1989-07-27,2089-07-27,,10421; 50435; 60119; 7458,1; GEN1; SUG1,Basalt; Dillon Hydro Plant; Granby Hydro; Sugarloaf Hydro Plant,WAT,HY,PSCO,CO+BA,,,,not_applicable,0.0,0.0,0.0,zero_emission,155.86,0.0,ornl_ferc1_median,,84.47,efordd_derate_nerc_gads_2020_2024,atb_2024_tech_life,,2.0,eia860_2024,15.53,8.62,3.29,HYDRO                       001-029
Mountain_WACM_Hydro_small,Mountain,Hydro,operating,small_group,True,4,29.5,29.5,,,,1946-02-24,2046-02-24,,10422; 516,1; 2; GEN1; GEN2,Green Mountain; Williams Fork Hydro Plant,WAT,HY,WACM,CO+BA,,,,not_applicable,0.0,0.0,0.0,zero_emission,71.75,0.0,ornl_ferc1_median,,84.47,efordd_derate_nerc_gads_2020_2024,atb_2024_tech_life,,8.8,eia860_2024,15.53,8.62,3.29,HYDRO                       001-029
mount_elbert__1,Mountain,Hydro:Pumped,operating,individual_tech,False,1,100.0,115.0,1760.0,115.0,,1981-06-01,2081-06-01,,6208,1,Mount Elbert,WAT,PS,WACM,CO+BA,,,,not_applicable,0.0,0.0,0.0,zero_emission,16.69,0.4803,ornl_ferc1_median,,91.97,efordd_derate_nerc_gads_2020_2024,atb_2024_tech_life,125.0,34.5,eia860_2024,8.03,7.95,2.89,PUMPED STORAGE            All Sizes
mount_elbert__2,Mountain,Hydro:Pumped,operating,individual_tech,False,1,100.0,115.0,1760.0,115.0,,1984-02-01,2084-02-01,,6208,2,Mount Elbert,WAT,PS,WACM,CO+BA,,,,not_applicable,0.0,0.0,0.0,zero_emission,16.69,0.4803,ornl_ferc1_median,,91.97,efordd_derate_nerc_gads_2020_2024,atb_2024_tech_life,125.0,34.5,eia860_2024,8.03,7.95,2.89,PUMPED STORAGE            All Sizes
Mountain_WACM_SolarPV_existing,Mountain,Solar:PV,operating,renewable_zone,True,3,7.0,7.0,,,,2021-03-15,2051-03-15,Mountain_Solar_CF,63163; 63164; 65084,PTKN; SIFRS; WHSKY,Pitkin County Solar; Tom Sifers Solar; Whiskey Hill Solar,SUN,PV,WACM,CO+BA,,,,not_applicable,0.0,0.0,0.0,zero_emission,22.0,0.0,lbnl_solar_2024,,,see_elcc_lookup_csv,atb_2024_tech_life,,7.0,must_run_maxcap,0.0,1.0,0.0,zero_outage
rawhide__1,North,Coal,operating,individual_tech,False,1,293.6,280.0,,,,1984-04-01,2029-12-01,,6761,1,Rawhide,SUB,ST,PSCO,CO+BA,,,10759.238336,egrid_plant,2114.589,1.098,0.668,egrid_plant,30.48,3.2789,form1_co_coal_peer_proxy,coal,90.93,efordd_derate_nerc_gads_2020_2024,,,76.29,eia860_2024,9.07,2.81,5.46,FOSSIL  Coal Primary        200-299
North_PSCO_GasCC_small,North,Gas:CC,operating,small_cc,True,12,608.5000000000001,484.0,,,,1996-01-01,2030-12-01,,10682; 50707,GT3; GT4; GT5; LMA; LMB; LMC; LMD; LME; ST2; ST4; STA; STB,Brush Generation Facility; JM Shafer Generating Station,NG,CT,PSCO,CO+BA,,,8501.734082,egrid_plant,1010.4840000000002,0.7819999999999999,0.005,egrid_plant,33.8,2.14,atb_2024,natural_gas,95.09,efordd_derate_nerc_gads_2020_2024,eia_aeo2026_30yr_cost_recovery_floored_2030,,153.83,eia860_2024,4.91,2.3,1.83,COMBINED CYCLE            All Sizes
fort_st_vrain__1,North,Gas:CC,operating,large_thermal,False,1,342.6,308.0,,,,1998-07-01,2031-06-01,,6112,1,Fort St Vrain,NG,CA,PSCO,CO+BA,,,,not_applicable,0.0,0.0,0.0,zero_direct_emission,7.69,0.4871,form1_2021_2023,natural_gas,95.09,efordd_derate_nerc_gads_2020_2024,aligned_to_last_linked_ct,,35.06,eia860_2024,4.91,2.3,1.83,COMBINED CYCLE            All Sizes
rocky_mountain_energy_center__STG1,North,Gas:CC,operating,large_thermal,False,1,334.9,300.0,,,,2004-05-01,2034-05-01,,55835,STG1,Rocky Mountain Energy Center,NG,CA,PSCO,CO+BA,,,,not_applicable,0.0,0.0,0.0,zero_direct_emission,17.53,1.1101,form1_2021_2023,natural_gas,95.09,efordd_derate_nerc_gads_2020_2024,aligned_to_last_linked_ct,,57.33,eia860_2024,4.91,2.3,1.83,COMBINED CYCLE            All Sizes
North_PSCO_GasCT_small,North,Gas:CT,operating,small_group,True,4,357.2,260.0,,,,2003-01-08,2033-01-08,,6761,A; B; C; D,Rawhide,NG,GT,PSCO,CO+BA,,,10800.0,proxy_tech_class,1260.0,0.5,0.03,proxy_fuel_factor,25.8,6.94,atb_2024,natural_gas,90.98,efordd_derate_nerc_gads_2020_2024,eia_aeo2026_30yr_cost_recovery,,107.0,eia860_2024,9.02,3.05,2.04,GAS TURBINE                 50 Plus
North_PSCO_GasCT_small_retiring,North,Gas:CT,operating,small_group,True,2,100.8,88.0,,,,1972-04-01,2026-12-01,,8067,1; 2,Fort Lupton,NG,GT,PSCO,CO+BA,,,10800.0,proxy_tech_class,1260.0,0.5,0.03,proxy_fuel_factor,6.04,1.6236,form1_2021_2023,natural_gas,89.17,efordd_derate_nerc_gads_2020_2024,,,17.46,eia860_2024,10.83,4.91,1.96,GAS TURBINE                 020-049
fort_st_vrain__2,North,Gas:CT,operating,large_thermal,False,1,175.1,150.0,,,,1996-05-01,2030-12-01,,6112,2,Fort St Vrain,NG,CT,PSCO,CO+BA,fort_st_vrain__1,Yes,11740.248166176649,egrid_unit,1395.4266320652823,0.3134675387015481,0.0070627825113004,egrid_unit,5.12,1.3765,form1_2021_2023,natural_gas,90.98,efordd_derate_nerc_gads_2020_2024,eia_aeo2026_30yr_cost_recovery_floored_2030,,55.68,eia860_2024,9.02,3.05,2.04,GAS TURBINE                 50 Plus
fort_st_vrain__3,North,Gas:CT,operating,large_thermal,False,1,175.1,142.0,,,,1999-01-01,2029-01-01,,6112,3,Fort St Vrain,NG,CT,PSCO,CO+BA,fort_st_vrain__1,Yes,11099.76749297892,egrid_unit,1319.286785468914,0.3038015185035431,0.0066534518068526,egrid_unit,5.12,1.3765,form1_2021_2023,natural_gas,90.98,efordd_derate_nerc_gads_2020_2024,eia_aeo2026_30yr_cost_recovery,,52.71,eia860_2024,9.02,3.05,2.04,GAS TURBINE                 50 Plus
fort_st_vrain__4,North,Gas:CT,operating,large_thermal,False,1,175.1,142.0,,,,2001-06-01,2031-06-01,,6112,4,Fort St Vrain,NG,CT,PSCO,CO+BA,fort_st_vrain__1,Yes,11713.355161575784,egrid_unit,1392.2156292031182,0.1113273227032343,0.0070207477061097,egrid_unit,5.12,1.3765,form1_2021_2023,natural_gas,90.98,efordd_derate_nerc_gads_2020_2024,eia_aeo2026_30yr_cost_recovery,,52.71,eia860_2024,9.02,3.05,2.04,GAS TURBINE                 50 Plus
fort_st_vrain__5,North,Gas:CT,operating,large_thermal,False,1,140.3,140.0,,,,2009-05-01,2039-05-01,,6112,5,Fort St Vrain,NG,GT,PSCO,CO+BA,,,10800.0,proxy_tech_class,1260.0,0.5,0.03,proxy_fuel_factor,5.12,1.3765,form1_2021_2023,natural_gas,90.98,efordd_derate_nerc_gads_2020_2024,eia_aeo2026_30yr_cost_recovery,,54.88,eia860_2024,9.02,3.05,2.04,GAS TURBINE                 50 Plus
fort_st_vrain__6,North,Gas:CT,operating,large_thermal,False,1,140.3,140.0,,,,2009-05-01,2039-05-01,,6112,6,Fort St Vrain,NG,GT,PSCO,CO+BA,,,10800.0,proxy_tech_class,1260.0,0.5,0.03,proxy_fuel_factor,5.12,1.3765,form1_2021_2023,natural_gas,90.98,efordd_derate_nerc_gads_2020_2024,eia_aeo2026_30yr_cost_recovery,,51.89,eia860_2024,9.02,3.05,2.04,GAS TURBINE                 50 Plus
manchief_electric_generating_station__UN1,North,Gas:CT,operating,large_thermal,False,1,150.0,125.0,,,,2000-06-01,2030-06-01,,55127,UN1,Manchief Electric Generating Station,NG,GT,PSCO,CO+BA,,,10776.087665,egrid_plant,1280.813,0.534,0.006,egrid_plant,5.42,1.4583,form1_2021_2023,natural_gas,90.98,efordd_derate_nerc_gads_2020_2024,eia_aeo2026_30yr_cost_recovery,,66.67,eia860_2024,9.02,3.05,2.04,GAS TURBINE                 50 Plus
manchief_electric_generating_station__UN2,North,Gas:CT,operating,large_thermal,False,1,150.0,125.0,,,,2000-06-01,2030-06-01,,55127,UN2,Manchief Electric Generating Station,NG,GT,PSCO,CO+BA,,,10776.087665,egrid_plant,1280.813,0.534,0.006,egrid_plant,5.42,1.4583,form1_2021_2023,natural_gas,90.98,efordd_derate_nerc_gads_2020_2024,eia_aeo2026_30yr_cost_recovery,,66.67,eia860_2024,9.02,3.05,2.04,GAS TURBINE                 50 Plus
rawhide_GasCT_proposed,North,Gas:CT,proposed,proposed,True,5,223.0,223.0,,,,2028-03-01,2058-03-01,,6761,G; H; LM3; LM4; LM5,Rawhide,NG,GT,PSCO,CO+BA,,,10800.0,proxy_tech_class,1260.0,0.5,0.03,proxy_fuel_factor,25.8,6.94,atb_2024,natural_gas,89.17,efordd_derate_nerc_gads_2020_2024,eia_aeo2026_30yr_cost_recovery,,85.2,eia860_co_avg,10.83,4.91,1.96,GAS TURBINE                 020-049
rawhide__F,North,Gas:CT,operating,large_thermal,False,1,149.6,128.0,,,,2008-06-01,2038-06-01,,6761,F,Rawhide,NG,GT,PSCO,CO+BA,,,10800.0,proxy_tech_class,1260.0,0.5,0.03,proxy_fuel_factor,25.8,6.94,atb_2024,natural_gas,90.98,efordd_derate_nerc_gads_2020_2024,eia_aeo2026_30yr_cost_recovery,,68.45,eia860_2024,9.02,3.05,2.04,GAS TURBINE                 50 Plus
rocky_mountain_energy_center__CTG1,North,Gas:CT,operating,large_thermal,False,1,175.1,146.0,,,,2004-05-01,2034-05-01,,55835,CTG1,Rocky Mountain Energy Center,NG,CT,PSCO,CO+BA,rocky_mountain_energy_center__STG1,Yes,13851.124862443978,egrid_unit,1646.3058538924513,0.1198320433293782,0.0083025433263044,egrid_unit,12.58,3.3845,form1_2021_2023,natural_gas,90.98,efordd_derate_nerc_gads_2020_2024,eia_aeo2026_30yr_cost_recovery,,68.37,eia860_2024,9.02,3.05,2.04,GAS TURBINE                 50 Plus
rocky_mountain_energy_center__CTG2,North,Gas:CT,operating,large_thermal,False,1,175.1,146.0,,,,2004-05-01,2034-05-01,,55835,CTG2,Rocky Mountain Energy Center,NG,CT,PSCO,CO+BA,rocky_mountain_energy_center__STG1,Yes,13656.199509469716,egrid_unit,1623.1408100141368,0.1143384232847732,0.0082114318370948,egrid_unit,12.58,3.3845,form1_2021_2023,natural_gas,90.98,efordd_derate_nerc_gads_2020_2024,eia_aeo2026_30yr_cost_recovery,,68.37,eia860_2024,9.02,3.05,2.04,GAS TURBINE                 50 Plus
spindle_hill_energy_center__GEN1,North,Gas:CT,operating,large_thermal,False,1,210.0,135.0,,,,2007-05-01,2037-05-01,,56445,GEN1,Spindle Hill Energy Center,NG,GT,PSCO,CO+BA,,,10863.765216,egrid_plant,1291.615,0.525,0.007,egrid_plant,25.8,6.94,atb_2024,natural_gas,90.98,efordd_derate_nerc_gads_2020_2024,eia_aeo2026_30yr_cost_recovery,,51.43,eia860_2024,9.02,3.05,2.04,GAS TURBINE                 50 Plus
spindle_hill_energy_center__GEN2,North,Gas:CT,operating,large_thermal,False,1,210.0,135.0,,,,2007-05-01,2037-05-01,,56445,GEN2,Spindle Hill Energy Center,NG,GT,PSCO,CO+BA,,,10863.765216,egrid_plant,1291.615,0.525,0.007,egrid_plant,25.8,6.94,atb_2024,natural_gas,90.98,efordd_derate_nerc_gads_2020_2024,eia_aeo2026_30yr_cost_recovery,,51.43,eia860_2024,9.02,3.05,2.04,GAS TURBINE                 50 Plus
North_PSCO_GasST_small,North,Gas:ST,operating,small_group,True,1,3.0,3.0,,,,1947-09-01,2030-12-01,,58081,ATB-2,Western Sugar Coop- Ft Morgan,NG,ST,PSCO,CO+BA,,,13500.0,proxy_tech_class,1580.0,0.7,0.1,proxy_fuel_factor,25.8,6.94,atb_2024,natural_gas,79.59,efordd_derate_nerc_gads_2020_2024,eia_aeo2026_30yr_cost_recovery_floored_2030,,1.0,eia860_2024,20.41,12.88,4.19,FOSSIL  Gas Primary         001-099
pawnee__1,North,Gas:ST,operating,large_thermal,False,1,552.3,505.0,,,,1981-11-01,2030-12-01,,6248,1,Pawnee,NG,ST,PSCO,CO+BA,,,13500.0,proxy_tech_class,1580.0,0.7,0.1,proxy_fuel_factor,33.8,2.14,atb_2024,natural_gas,84.78,efordd_derate_nerc_gads_2020_2024,eia_aeo2026_30yr_cost_recovery_floored_2030,,182.87,eia860_2024,15.22,3.16,5.9,FOSSIL  Gas Primary         400-599
North_WACM_Hydro_small,North,Hydro,operating,small_group,True,10,184.40000000000003,192.90000000000003,,,,1954-01-23,2054-01-23,,513; 515; 517; 518; 519; 58622,1; 2; 3,Big Thompson; Carter Hydro; Estes; Flatiron; Marys Lake; Pole Hill,WAT,HY,WACM,CO+BA,,,,not_applicable,0.0,0.0,0.0,zero_emission,42.06,0.0,ornl_ferc1_median,,84.47,efordd_derate_nerc_gads_2020_2024,atb_2024_tech_life,,57.8,eia860_2024,15.53,8.62,3.29,HYDRO                       001-029
flatiron__3,North,Hydro:Pumped,operating,individual_tech,False,1,8.5,8.5,203.0,9.7,,1954-05-01,2054-05-01,,518,3,Flatiron,WAT,PS,WACM,CO+BA,,,,not_applicable,0.0,0.0,0.0,zero_emission,16.69,0.4803,ornl_ferc1_median,,91.97,efordd_derate_nerc_gads_2020_2024,atb_2024_tech_life,125.0,2.6,eia860_2024,8.03,7.95,2.89,PUMPED STORAGE            All Sizes
North_PSCO_SolarPV_existing,North,Solar:PV,operating,renewable_zone,True,21,136.10000000000002,136.10000000000002,,,,2019-08-19,2049-08-19,North_Wind_CF,57141; 57507; 60023; 60351; 60720; 61462; 62224; 62255; 63379; 63722; 63753; 64021; 64386; 65520; 65609; 66436; 67466; 67467; 68041; 68639; 68640,218; 225; 53971; 53973; 948; BSPV1; CBEP4; CBEP5; CBEP7; CSU1; CSUII; FTLUP; GLCRS; GLCRV; GREEL; PV1; USCOG; VASQV; WELD1; X0134,"Alden Solar CSG LLC; Bison Solar LLC; CBEP Solar 4, LLC; CBEP Solar 5, LLC; CBEP Solar 7; ECA CO Greeley; Gilcrest Sun CSG; Gilcrest V CSG; Mtn. Solar 3 CSG; Oak Leaf Solar XXVII LLC; Oak Leaf Solar XXVIII LLC (CSG); Overland; Platteville Solar CSG, LLC; RV CSU Power II LLC; RV CSU Power LLC; Rawhide Prairie Solar Hybrid; SR Jenkins Ft Lupton; SR Platte Solar Farm; USS Cogburn Solar LLC (CSG); Vasquez V CSG; Weld 1 Community Solar Array",SUN,PV,PSCO,CO+BA,,,,not_applicable,0.0,0.0,0.0,zero_emission,22.0,0.0,lbnl_solar_2024,,,see_elcc_lookup_csv,atb_2024_tech_life,,136.1,must_run_maxcap,0.0,1.0,0.0,zero_outage
North_PSCO_SolarPV_proposed_small,North,Solar:PV,proposed,proposed_small_solar,True,3,15.0,15.0,,,,2025-02-01,2055-02-01,North_Solar_CF,67361; 67362; 67364,BECLS; DOVES; LARKS,BecLee Solar CSG; Dove Solar CSG; Lark Bunting Solar CSG,SUN,PV,PSCO,CO+BA,,,,not_applicable,0.0,0.0,0.0,zero_emission,11.0,0.0,lbnl_solar_2024,,,see_elcc_lookup_csv,atb_2024_tech_life,,15.0,must_run_maxcap,0.0,1.0,0.0,zero_outage
North_WACM_SolarPV_existing,North,Solar:PV,operating,renewable_zone,True,19,54.3,54.3,,,,2019-12-24,2049-12-24,North_Wind_CF,60247; 60248; 60283; 60497; 61314; 61425; 62663; 63586; 63587; 64152; 64357; 64358; 64648; 64650; 64651; 64652; 64655; 68943; 68964,CAREY; COYCS; KERII; KERS; MVRKS; PI20; PI35; SC; SKY B; SKYC; SNAKE; SO390; VVS,Coyote Ridge Community Solar; Gilcrest Solar; NSE Camber Solar PS5 LLC (CSG); NSE Camber Solar PS6 LLC CSG; Pivot Solar 14 LLC (CSG); Pivot Solar 15 LLC (CSG); Pivot Solar 2 LLC (CSG); Pivot Solar 20; Pivot Solar 35; Pivot Solar 4 LLC (CSG); Pivot Solar 8 LLC (CSG); SR Kersey; SR Kersey II; SR Mavericks; SR Rattlesnake; SR Skylark B; SR Skylark C; Skylark; Valley View Solar,SUN,PV,WACM,CO+BA,,,,not_applicable,0.0,0.0,0.0,zero_emission,22.0,0.0,lbnl_solar_2024,,,see_elcc_lookup_csv,atb_2024_tech_life,,54.3,must_run_maxcap,0.0,1.0,0.0,zero_outage
North_WACM_SolarPV_proposed_small,North,Solar:PV,proposed,proposed_small_solar,False,1,5.0,5.0,,,,2025-02-01,2055-02-01,North_Solar_CF,68957,PI30,Pivot Solar 30,SUN,PV,WACM,CO+BA,,,,not_applicable,0.0,0.0,0.0,zero_emission,11.0,0.0,lbnl_solar_2024,,,see_elcc_lookup_csv,atb_2024_tech_life,,5.0,must_run_maxcap,0.0,1.0,0.0,zero_outage
black_hollow_sun_SolarPV_proposed,North,Solar:PV,proposed,proposed,False,1,107.0,107.0,,,,2026-12-01,2056-12-01,North_Solar_CF,64745,BHS02,Black Hollow Sun,SUN,PV,PSCO,CO+BA,,,,not_applicable,0.0,0.0,0.0,zero_emission,11.0,0.0,lbnl_solar_2024,,,see_elcc_lookup_csv,atb_2024_tech_life,,107.0,must_run_maxcap,0.0,1.0,0.0,zero_outage
North_PSCO_battery_2hr_small,North,Storage:Battery,operating,small_battery,True,1,1.0,1.0,2.0,1.0,1.0,2021-03-01,2036-03-01,,63722,BA1,Rawhide Prairie Solar Hybrid,MWH,BA,PSCO,CO+BA,,,,not_applicable,0.0,0.0,0.0,zero_emission,44.25,0.0,atb_2024,,,see_elcc_lookup_csv,atb_2024_tech_life,117.65,0.0,storage_zero,0.0,1.0,0.0,zero_outage
North_WACM_battery_4hr_small,North,Storage:Battery,operating,small_battery,True,6,55.0,55.0,219.6,55.0,55.0,2024-01-15,2039-01-15,,62373; 67300; 67302; 67303; 67304; 67306,DAVBA; FREBA; I25BA; KEEBA; MEABA; RATBA,Davis Battery Storage; Frederick Battery Storage; I25 Battery Storage; Keenesburg Battery Storage; Mead Battery Storage; Rattlesnake Ridge Battery Storage,MWH,BA,WACM,CO+BA,,,,not_applicable,0.0,0.0,0.0,zero_emission,44.25,0.0,atb_2024,,,see_elcc_lookup_csv,atb_2024_tech_life,117.65,0.0,storage_zero,0.0,1.0,0.0,zero_outage
North_PSCO_Wind_existing,North,Wind,operating,renewable_zone,True,4,720.5,720.5,,,,2012-01-22,2042-01-22,North_Wind_CF,56371; 57210; 62840,1; 2; MTBRZ,"Cedar Creek II; Cedar Creek Wind; Mountain Breeze Wind, LLC",WND,WT,PSCO,CO+BA,,,,not_applicable,0.0,0.0,0.0,zero_emission,19.87,0.0,lbnl_wind_2024,,,see_elcc_lookup_csv,atb_2024_tech_life,,720.5,must_run_maxcap,0.0,1.0,0.0,zero_outage
North_WACM_Wind_existing,North,Wind,operating,renewable_zone,True,1,145.0,145.0,,,,2022-06-01,2052-06-01,North_Wind_CF,64872,PANWD,"Panorama Wind, LLC",WND,WT,WACM,CO+BA,,,,not_applicable,0.0,0.0,0.0,zero_emission,18.0,0.0,lbnl_wind_2024,,,see_elcc_lookup_csv,atb_2024_tech_life,,145.0,must_run_maxcap,0.0,1.0,0.0,zero_outage
comanche_co__2,South,Coal,operating,individual_tech,False,1,396.0,330.0,,,,1975-06-01,2025-12-01,,470,2,Comanche (CO),SUB,ST,WACM,CO+BA,,,11192.019635604378,egrid_unit,2318.2432286026474,1.5105777911891891,0.9613055360197796,egrid_unit,22.79,2.4522,form1_2021_2023,coal,86.01,efordd_derate_nerc_gads_2020_2024,,,141.67,eia860_2024,13.99,3.97,4.89,FOSSIL  Coal Primary        300-399
comanche_co__3,South,Coal,operating,individual_tech,False,1,856.8,750.0,,,,2010-07-01,2030-12-01,,470,3,Comanche (CO),SUB,ST,WACM,CO+BA,,,10921.127968383917,egrid_unit,2242.316117146872,0.7467923196861984,0.9405874486585504,egrid_unit,22.79,2.4522,form1_2021_2023,coal,88.89,efordd_derate_nerc_gads_2020_2024,xcel_puc_settlement_close_by_2031,,393.91,eia860_2024,11.11,3.54,4.17,FOSSIL  Coal Primary        600-799
ray_d_nixon__1,South,Coal,operating,individual_tech,False,1,207.0,195.0,,,,1980-04-01,2029-12-01,,8219,1,Ray D Nixon,SUB,ST,WACM,CO+BA,,,11453.729937158643,egrid_unit,2401.854842875948,1.837230351485896,0.8501519888741251,egrid_unit,30.48,3.2789,form1_co_coal_peer_proxy,coal,89.77,efordd_derate_nerc_gads_2020_2024,,,113.04,eia860_2024,10.23,4.26,2.19,FOSSIL  Coal Primary        100-199
South_PSCO_GasCC_small,South,Gas:CC,operating,small_cc,True,6,200.0,188.0,,,,2012-01-01,2042-01-01,,56998,4; 43; 5; 53; 6; 7,Pueblo Airport Generating Station,NG,CT,PSCO,CO+BA,,,9087.053782,egrid_plant,1079.991,0.056,0.005,egrid_plant,16.73,1.0593,form1_2021_2023,natural_gas,95.09,efordd_derate_nerc_gads_2020_2024,eia_aeo2026_30yr_cost_recovery,,150.4,eia860_2024,4.91,2.3,1.83,COMBINED CYCLE            All Sizes
front_range_power_plant__3,South,Gas:CC,operating,large_thermal,False,1,246.5,190.0,,,,2003-04-01,2033-04-01,,55283,3,Front Range Power Plant,NG,CA,WACM,CO+BA,,,,not_applicable,0.0,0.0,0.0,zero_direct_emission,33.8,2.14,atb_2024,natural_gas,95.09,efordd_derate_nerc_gads_2020_2024,aligned_to_last_linked_ct,,34.69,eia860_2024,4.91,2.3,1.83,COMBINED CYCLE            All Sizes
South_PSCO_GasCT_small,South,Gas:CT,operating,small_group,True,7,268.0,274.0,,,,2003-10-24,2033-10-24,,55453; 56998,CT08; S1; S2; S3; S4; S5; S6,Fountain Valley Power Facility; Pueblo Airport Generating Station,NG,GT,PSCO,CO+BA,,,9087.053782,egrid_plant,1079.991,0.056,0.005,egrid_plant,25.8,6.94,atb_2024,natural_gas,89.17,efordd_derate_nerc_gads_2020_2024,eia_aeo2026_30yr_cost_recovery,,110.42,eia860_2024,10.83,4.91,1.96,GAS TURBINE                 020-049
South_PSCO_GasCT_small_retiring,South,Gas:CT,operating,small_group,True,2,53.2,27.0,,,,1975-06-01,2026-12-01,,464,CT1; CT2,Alamosa,NG,GT,PSCO,CO+BA,,,10800.0,proxy_tech_class,1260.0,0.5,0.03,proxy_fuel_factor,6.19,1.6663,form1_2021_2023,natural_gas,84.09,efordd_derate_nerc_gads_2020_2024,,,5.08,eia860_2024,15.91,5.32,2.64,GAS TURBINE                 001-019
South_WACM_GasCT_small,South,Gas:CT,operating,small_group,True,8,320.7,210.0,,,,2017-10-11,2047-10-11,,492; 8219,A1; A2; A3; A4; A5; A6; GT1; GT2,Ray D Nixon; South Plant (CO),NG,GT,WACM,CO+BA,,,10800.0,proxy_tech_class,1260.0,0.5,0.03,proxy_fuel_factor,25.8,6.94,atb_2024,natural_gas,89.17,efordd_derate_nerc_gads_2020_2024,eia_aeo2026_30yr_cost_recovery,,77.27,eia860_2024,10.83,4.91,1.96,GAS TURBINE                 020-049
front_range_power_plant__1,South,Gas:CT,operating,large_thermal,False,1,153.9,135.0,,,,2003-04-01,2033-04-01,,55283,1,Front Range Power Plant,NG,CT,WACM,CO+BA,front_range_power_plant__3,Yes,12737.860959804882,egrid_unit,1513.9804914596334,0.3801503232028566,0.0076484700668723,egrid_unit,25.8,6.94,atb_2024,natural_gas,90.98,efordd_derate_nerc_gads_2020_2024,eia_aeo2026_30yr_cost_recovery,,57.02,eia860_2024,9.02,3.05,2.04,GAS TURBINE                 50 Plus
front_range_power_plant__2,South,Gas:CT,operating,large_thermal,False,1,153.9,135.0,,,,2003-04-01,2033-04-01,,55283,2,Front Range Power Plant,NG,CT,WACM,CO+BA,front_range_power_plant__3,Yes,12711.408561379856,egrid_unit,1510.8479679439768,0.4145687634776042,0.0076270366590833,egrid_unit,25.8,6.94,atb_2024,natural_gas,90.98,efordd_derate_nerc_gads_2020_2024,eia_aeo2026_30yr_cost_recovery,,57.02,eia860_2024,9.02,3.05,2.04,GAS TURBINE                 50 Plus
horizon_GasCT_proposed,South,Gas:CT,proposed,proposed,True,10,480.0,370.0,,,,2028-07-01,2058-07-01,,68705,H01; H02; H03; H04; H05; H06; H07; H08; H09; H10,Horizon,NG,GT,WACM,CO+BA,,,10800.0,proxy_tech_class,1260.0,0.5,0.03,proxy_fuel_factor,25.8,6.94,atb_2024,natural_gas,89.17,efordd_derate_nerc_gads_2020_2024,eia_aeo2026_30yr_cost_recovery,,141.36,eia860_co_avg,10.83,4.91,1.96,GAS TURBINE                 020-049
pueblo_airport_generating_station__GT1,South,Gas:CT,operating,large_thermal,False,1,100.0,90.0,,,,2012-01-01,2042-01-01,,56998,GT1,Pueblo Airport Generating Station,NG,GT,PSCO,CO+BA,,,9087.053782,egrid_plant,1079.991,0.056,0.005,egrid_plant,25.8,6.94,atb_2024,natural_gas,90.98,efordd_derate_nerc_gads_2020_2024,eia_aeo2026_30yr_cost_recovery,,31.5,eia860_2024,9.02,3.05,2.04,GAS TURBINE                 50 Plus
pueblo_airport_generating_station__GT2,South,Gas:CT,operating,large_thermal,False,1,100.0,90.0,,,,2012-01-01,2042-01-01,,56998,GT2,Pueblo Airport Generating Station,NG,GT,PSCO,CO+BA,,,9087.053782,egrid_plant,1079.991,0.056,0.005,egrid_plant,25.8,6.94,atb_2024,natural_gas,90.98,efordd_derate_nerc_gads_2020_2024,eia_aeo2026_30yr_cost_recovery,,31.5,eia860_2024,9.02,3.05,2.04,GAS TURBINE                 50 Plus
South_PSCO_GasIC_small,South,Gas:IC,operating,small_group,True,8,18.0,18.0,,,,1985-02-24,2030-12-01,,460; 7995,IC1; IC2; IC3; IC4; IC5,Airport Industrial; Pueblo,DFO,IC,PSCO,CO+BA,,,9500.0,proxy_tech_class,1110.0,3.0,0.03,proxy_fuel_factor,25.8,6.94,atb_2024,distillate_fuel_oil,83.08,efordd_derate_nerc_gads_2020_2024,eia_aeo2026_30yr_cost_recovery_floored_2030,,16.0,eia860_2024,16.92,3.94,2.92,JET ENGINE                  001-019
South_WACM_GasIC_small,South,Gas:IC,operating,small_group,True,5,9.2,9.2,,,,1985-07-04,2030-12-01,,511,3; 4; 5; 6; 7,Trinidad (CO),DFO,IC,WACM,CO+BA,,,9500.0,proxy_tech_class,1110.0,3.0,0.03,proxy_fuel_factor,25.8,6.94,atb_2024,distillate_fuel_oil,83.08,efordd_derate_nerc_gads_2020_2024,eia_aeo2026_30yr_cost_recovery_floored_2030,,9.2,eia860_2024,16.92,3.94,2.92,JET ENGINE                  001-019
South_WACM_GasST_small,South,Gas:ST,operating,small_group,True,3,61.1,54.0,,,,1955-03-24,2030-12-01,,493,1; 2; 3,George Birdsall,NG,ST,WACM,CO+BA,,,14117.203114,egrid_plant,1650.147,2.336,0.008,egrid_plant,25.8,6.94,atb_2024,natural_gas,79.59,efordd_derate_nerc_gads_2020_2024,eia_aeo2026_30yr_cost_recovery_floored_2030,,14.14,eia860_2024,20.41,12.88,4.19,FOSSIL  Gas Primary         001-099
South_PACE_Hydro_small,South,Hydro,operating,small_group,True,2,7.5,7.1,,,,2019-05-01,2119-05-01,,64123,GEN35; GEN40,James W. Broderick Hydropower Plant,WAT,HY,PACE,CO_only,,,,not_applicable,0.0,0.0,0.0,zero_emission,155.86,0.0,ornl_ferc1_median,,84.47,efordd_derate_nerc_gads_2020_2024,atb_2024_tech_life,,2.37,eia860_2024,15.53,8.62,3.29,HYDRO                       001-029
South_PSCO_Hydro_small,South,Hydro,operating,small_group,True,1,0.6,0.6,,,,1908-06-01,2027-12-01,,474,2,Salida,WAT,HY,PSCO,CO+BA,,,,not_applicable,0.0,0.0,0.0,zero_emission,155.86,0.0,ornl_ferc1_median,,91.25,efordd_derate_nerc_gads_2020_2024,,,0.6,eia860_2024,8.75,7.61,2.18,HYDRO                     All Sizes
South_WACM_Hydro_small,South,Hydro,operating,small_group,True,6,38.7,40.0,,,,1985-12-15,2085-12-15,,10423; 494; 495; 7233,1; 2; 3; GEN1,Manitou Springs; North Fork Hydro Plant; Ruxton Park; Tesla,WAT,HY,WACM,CO+BA,,,,not_applicable,0.0,0.0,0.0,zero_emission,71.75,0.0,ornl_ferc1_median,,84.47,efordd_derate_nerc_gads_2020_2024,atb_2024_tech_life,,1.65,eia860_2024,15.53,8.62,3.29,HYDRO                       001-029
South_PSCO_SolarPV_existing,South,Solar:PV,operating,renewable_zone,True,26,1502.6,1499.94,,,,2021-06-10,2051-06-10,South_Wind_CF,56481; 57317; 57368; 57377; 59656; 60008; 60304; 60723; 60801; 61472; 61605; 62239; 62260; 63681; 63731; 63770; 63776; 64024; 64031; 64212; 64266; 65032; 65990,1; 13; 14; 2; 228; 262; 264; 44901; 53963; ANTO2; CO465; COBH1; COMCH; CONEJ; COSM1; GS-P1; GS-P2; NT325; PUEB2; SCCO3; SISPV; TW300; USSGB,"Alamosa Solar; Alamosa Solar South CSG; Bighorn Solar 1; CEC Solar #1117, LLC; Comanche Solar; Conejos 1 Community Solar Array; Fremont CO 1, LLC; Greater Sandhill I; Hooper Solar; Monte Vista Solar 2 CSG, LLC; Neptune Energy Center Hybrid; Oak Leaf Solar XXX LLC (CSG); Oak Leaf Solar XXXIII LLC (Lantz); Pike Solar Hybrid; San Isabel Solar, LLC; San Luis Solar Garden; San Luis Valley Solar Array; San Luis Valley Solar Ranch; Sun Mountain Solar 1; SunE Alamosa; Thunder Wolf Energy Center Hybrid; Trout Creek Solar; USS Giveback Solar LLC (CSG)",SUN,PV,PSCO,CO+BA,,,,not_applicable,0.0,0.0,0.0,zero_emission,22.0,0.0,lbnl_solar_2024,,,see_elcc_lookup_csv,atb_2024_tech_life,,1499.94,must_run_maxcap,0.0,1.0,0.0,zero_outage
South_PSCO_SolarPV_existing_retiring,South,Solar:PV,operating,renewable_zone,True,1,140.0,140.0,,,,2024-12-01,2058-12-01,South_Wind_CF,62379,47301,Spanish Peaks Solar,SUN,PV,PSCO,CO+BA,,,,not_applicable,0.0,0.0,0.0,zero_emission,22.0,0.0,lbnl_solar_2024,,,see_elcc_lookup_csv,,,140.0,must_run_maxcap,0.0,1.0,0.0,zero_outage
South_WACM_SolarPV_existing,South,Solar:PV,operating,renewable_zone,True,9,129.4,127.92,,,,2019-06-21,2049-06-21,South_Wind_CF,57509; 57554; 58481; 59848; 60511; 62376; 62495; 64265; 67419,1; 20181; 263; AFA1; CSU1; PPSG1; PV1,AFA Solar Farm; CSU Pueblo; CSWIND America Inc.; Carson Solar I; Clear Spring Ranch PV Project; Grazing Yak Solar; Palmer Solar; Pikes Peak Solar Garden 1 LLC CSG; Rock Creek 2 CSG,SUN,PV,WACM,CO+BA,,,,not_applicable,0.0,0.0,0.0,zero_emission,22.0,0.0,lbnl_solar_2024,,,see_elcc_lookup_csv,atb_2024_tech_life,,127.92,must_run_maxcap,0.0,1.0,0.0,zero_outage
elk_run_SolarPV_proposed,South,Solar:PV,proposed,proposed,False,1,200.0,200.0,,,,2027-03-01,2057-03-01,South_Solar_CF,67655,ELKRN,Elk Run,SUN,PV,PSCO,CO+BA,,,,not_applicable,0.0,0.0,0.0,zero_emission,11.0,0.0,lbnl_solar_2024,,,see_elcc_lookup_csv,atb_2024_tech_life,,200.0,must_run_maxcap,0.0,1.0,0.0,zero_outage
stagecoach_lre_SolarPV_proposed,South,Solar:PV,proposed,proposed,False,1,300.0,300.0,,,,2029-06-01,2059-06-01,South_Solar_CF,68079,STAS1,Stagecoach LRE,SUN,PV,PSCO,CO+BA,,,,not_applicable,0.0,0.0,0.0,zero_emission,11.0,0.0,lbnl_solar_2024,,,see_elcc_lookup_csv,atb_2024_tech_life,,300.0,must_run_maxcap,0.0,1.0,0.0,zero_outage
turkey_creek_solar_project_SolarPV_proposed,South,Solar:PV,proposed,proposed,False,1,200.0,200.0,,,,2027-02-01,2057-02-01,South_Solar_CF,64744,TC001,Turkey Creek Solar Project,SUN,PV,WACM,CO+BA,,,,not_applicable,0.0,0.0,0.0,zero_emission,11.0,0.0,lbnl_solar_2024,,,see_elcc_lookup_csv,atb_2024_tech_life,,200.0,must_run_maxcap,0.0,1.0,0.0,zero_outage
South_WACM_battery_2hr_small,South,Storage:Battery,operating,small_battery,True,1,4.2,4.2,8.5,4.2,4.2,2018-12-01,2033-12-01,,63022,1,Fort Carson Battery Energy Storage Syste,MWH,BA,WACM,CO+BA,,,,not_applicable,0.0,0.0,0.0,zero_emission,44.25,0.0,atb_2024,,,see_elcc_lookup_csv,atb_2024_tech_life,117.65,0.0,storage_zero,0.0,1.0,0.0,zero_outage
neptune_energy_center_hybrid__NT125,South,Storage:Battery,operating,individual_tech,False,1,125.0,125.0,500.0,125.0,125.0,2023-06-01,2038-06-01,,63731,NT125,Neptune Energy Center Hybrid,MWH,BA,PSCO,CO+BA,,,,not_applicable,0.0,0.0,0.0,zero_emission,44.25,0.0,atb_2024,,,see_elcc_lookup_csv,atb_2024_tech_life,117.65,0.0,storage_zero,0.0,1.0,0.0,zero_outage
thunder_wolf_energy_center_hybrid__TW100,South,Storage:Battery,operating,individual_tech,False,1,100.0,100.0,400.0,100.0,100.0,2023-06-01,2038-06-01,,63776,TW100,Thunder Wolf Energy Center Hybrid,MWH,BA,PSCO,CO+BA,,,,not_applicable,0.0,0.0,0.0,zero_emission,44.25,0.0,atb_2024,,,see_elcc_lookup_csv,atb_2024_tech_life,117.65,0.0,storage_zero,0.0,1.0,0.0,zero_outage
South_PSCO_Wind_existing,South,Wind,operating,renewable_zone,True,4,399.2,399.2,,,,2016-04-21,2046-04-21,South_Wind_CF,57980; 59974; 60143; 62445,GW1; WT; WTG,Busch Ranch II Wind Farm; Busch Ranch Wind Energy; Golden West Power Partners LLC; Peak View Wind Farm,WND,WT,PSCO,CO+BA,,,,not_applicable,0.0,0.0,0.0,zero_emission,22.19,0.0,form1_lbnl_blend_2024,,,see_elcc_lookup_csv,atb_2024_tech_life,,399.2,must_run_maxcap,0.0,1.0,0.0,zero_outage
South_WACM_Wind_existing,South,Wind,operating,renewable_zone,True,5,9.8,9.8,,,,2013-02-08,2043-02-08,South_Wind_CF,57643; 58548,V100; WTG1; WTG2; WTG3; WTG4,"Huerfano River Wind; Vestas Towers America, Inc.",WND,WT,WACM,CO+BA,,,,not_applicable,0.0,0.0,0.0,zero_emission,21.0,0.0,lbnl_wind_2024,,,see_elcc_lookup_csv,atb_2024_tech_life,,9.8,must_run_maxcap,0.0,1.0,0.0,zero_outage
craig_co__1,West,Coal,operating,individual_tech,False,1,446.4,427.0,,,,1980-07-01,2025-12-01,,6021,1,Craig (CO),SUB,ST,WACM,CO+BA,,,11747.284823,egrid_plant,2464.109,2.145,0.851,egrid_plant,43.34,4.6632,form1_2021_2023,coal,90.6,efordd_derate_nerc_gads_2020_2024,,,124.35,eia860_2024,9.4,2.98,3.65,FOSSIL  Coal Primary        400-599
craig_co__2,West,Coal,operating,individual_tech,False,1,446.4,410.0,,,,1979-11-01,2028-09-01,,6021,2,Craig (CO),SUB,ST,WACM,CO+BA,,,11747.284823,egrid_plant,2464.109,2.145,0.851,egrid_plant,43.34,4.6632,form1_2021_2023,coal,90.6,efordd_derate_nerc_gads_2020_2024,,,119.4,eia860_2024,9.4,2.98,3.65,FOSSIL  Coal Primary        400-599
craig_co__3,West,Coal,operating,individual_tech,False,1,534.8,448.0,,,,1984-10-01,2029-12-01,,6021,3,Craig (CO),SUB,ST,WACM,CO+BA,,,11747.284823,egrid_plant,2464.109,2.145,0.851,egrid_plant,43.34,4.6632,form1_2021_2023,coal,90.6,efordd_derate_nerc_gads_2020_2024,,,108.9,eia860_2024,9.4,2.98,3.65,FOSSIL  Coal Primary        400-599
hayden__1,West,Coal,operating,individual_tech,False,1,190.0,179.0,,,,1965-07-01,2028-12-01,,525,1,Hayden,BIT,ST,PSCO,CO+BA,,,11682.97401,egrid_plant,2397.345,0.618,1.378,egrid_plant,22.79,2.4516,form1_2021_2023,coal,89.77,efordd_derate_nerc_gads_2020_2024,,,103.63,eia860_2024,10.23,4.26,2.19,FOSSIL  Coal Primary        100-199
hayden__2,West,Coal,operating,individual_tech,False,1,275.4,262.0,,,,1976-09-01,2027-12-01,,525,2,Hayden,BIT,ST,PSCO,CO+BA,,,11682.97401,egrid_plant,2397.345,0.618,1.378,egrid_plant,22.79,2.4516,form1_2021_2023,coal,90.93,efordd_derate_nerc_gads_2020_2024,,,114.16,eia860_2024,9.07,2.81,5.46,FOSSIL  Coal Primary        200-299
West_PSCO_GasCT_small,West,Gas:CT,operating,small_group,True,1,26.6,14.0,,,,1973-06-01,2026-12-01,,471,1,Fruita,NG,GT,PSCO,CO+BA,,,10800.0,proxy_tech_class,1260.0,0.5,0.03,proxy_fuel_factor,6.13,1.6501,form1_2021_2023,natural_gas,84.09,efordd_derate_nerc_gads_2020_2024,,,2.63,eia860_2024,15.91,5.32,2.64,GAS TURBINE                 001-019
West_PSCO_Hydro_small,West,Hydro,operating,small_group,True,4,20.3,19.9,,,,1936-02-01,2036-02-01,,476; 50267; 68234,A; B; GEN1; RED1,Redlands Water & Power; Shoshone (CO); Vinelands Power Plant,WAT,HY,PSCO,CO+BA,,,,not_applicable,0.0,0.0,0.0,zero_emission,155.86,0.0,ornl_ferc1_median,,84.47,efordd_derate_nerc_gads_2020_2024,atb_2024_tech_life,,3.73,eia860_2024,15.53,8.62,3.29,HYDRO                       001-029
West_WACM_Hydro_small,West,Hydro,operating,small_group,True,23,357.5,362.7,,,,1973-04-11,2073-04-11,,50206; 512; 514; 520; 521; 54729; 58783; 58784; 58901; 61189; 61190; 61191; 6159; 6206; 6207; 7372; 7373,1; 2; COX1; GEN1; GEN2; GEN3; SC-1; SC-3; TCWG1; TCWG2,Ames Hydro; Blue Mesa; Crystal; Drop 5 (CO); Lower Molina; McPhee; Morrow Point; Shavano Falls Hydro; Shavano Falls Hydro Drop 4; South Canal Hydro-1; South Canal Hydro-3; Tacoma; Taylor Draw Hydroelectric Facility; Towaoc; Tri-County Water Hydropower Project; Upper Molina; Vallecito Hydroelectric,WAT,HY,WACM,CO+BA,,,,not_applicable,0.0,0.0,0.0,zero_emission,71.75,0.0,ornl_ferc1_median,,84.47,efordd_derate_nerc_gads_2020_2024,atb_2024_tech_life,,111.6,eia860_2024,15.53,8.62,3.29,HYDRO                       001-029
West_PSCO_SolarPV_existing,West,Solar:PV,operating,renewable_zone,True,13,28.9,28.7,,,,2020-01-04,2050-01-04,West_Solar_CF,56922; 58547; 59199; 59239; 59742; 62244; 62251; 62718; 62719; 66247; 66271; 66945,1; 21536; 53975; 53977; EAST; ESS01; HCE; HCEPV; MESA1; WEST; X0037; X0038; YVEA,"Ameresco HCE Solar LLC; Ash Mesa Solar, LLC; Eagle Springs Solar LLC; East Victory Way Solar; Mesa CSG 1 Murdock; Mesa CSG 2 Massicotte; Mesa PV1; Oak Leaf Solar XXXI LLC (CSG); Oak Leaf Solar XXXII (CSG); SMPA Solar 1 Community Solar; Sunnyside Ranch Community Solar Array; WWRF Solar Plant",SUN,PV,PSCO,CO+BA,,,,not_applicable,0.0,0.0,0.0,zero_emission,22.0,0.0,lbnl_solar_2024,,,see_elcc_lookup_csv,atb_2024_tech_life,,28.7,must_run_maxcap,0.0,1.0,0.0,zero_outage
West_WACM_SolarPV_existing,West,Solar:PV,operating,renewable_zone,True,9,21.9,21.9,,,,2022-07-01,2052-07-01,West_Solar_CF,61886; 64649; 64653; 64654; 66095; 66141; 66169; 66432; 67952,710; 711; 712; GEN1; PV001; SC; USGBS,"Bar D; Cortez Solar 1, LLC; Cortez Solar 2, LLC; Cortez Solar 3, LLC; LPEA Sunnyside Solar 1 Facility; Pivot Solar 1 LLC (CSG); Pivot Solar 3 LLC (CSG); Pivot Solar 7 LLC (CSG); USS Fruita Solar LLC CSG",SUN,PV,WACM,CO+BA,,,,not_applicable,0.0,0.0,0.0,zero_emission,22.0,0.0,lbnl_solar_2024,,,see_elcc_lookup_csv,atb_2024_tech_life,,21.9,must_run_maxcap,0.0,1.0,0.0,zero_outage
axial_basin_solar_SolarPV_proposed,West,Solar:PV,proposed,proposed,False,1,145.0,145.0,,,,2025-10-01,2055-10-01,West_Solar_CF,65480,CO505,Axial Basin Solar,SUN,PV,PSCO,CO+BA,,,,not_applicable,0.0,0.0,0.0,zero_emission,11.0,0.0,lbnl_solar_2024,,,see_elcc_lookup_csv,atb_2024_tech_life,,145.0,must_run_maxcap,0.0,1.0,0.0,zero_outage
canyonland_solar_SolarPV_proposed,West,Solar:PV,proposed,proposed,False,1,140.0,140.0,,,,2027-01-01,2057-01-01,West_Solar_CF,68468,CO513,Canyonland Solar,SUN,PV,WACM,CO+BA,,,,not_applicable,0.0,0.0,0.0,zero_emission,11.0,0.0,lbnl_solar_2024,,,see_elcc_lookup_csv,atb_2024_tech_life,,140.0,must_run_maxcap,0.0,1.0,0.0,zero_outage
coyote_gulch_solar_SolarPV_proposed,West,Solar:PV,proposed,proposed,False,1,140.0,140.0,,,,2026-12-01,2056-12-01,West_Solar_CF,64857,C0513,Coyote Gulch Solar,SUN,PV,WACM,CO+BA,,,,not_applicable,0.0,0.0,0.0,zero_emission,11.0,0.0,lbnl_solar_2024,,,see_elcc_lookup_csv,atb_2024_tech_life,,140.0,must_run_maxcap,0.0,1.0,0.0,zero_outage
dolores_canyon_solar_SolarPV_proposed,West,Solar:PV,proposed,proposed,False,1,110.0,110.0,,,,2026-12-01,2056-12-01,West_Solar_CF,64858,C0497,Dolores Canyon Solar,SUN,PV,WACM,CO+BA,,,,not_applicable,0.0,0.0,0.0,zero_emission,11.0,0.0,lbnl_solar_2024,,,see_elcc_lookup_csv,atb_2024_tech_life,,110.0,must_run_maxcap,0.0,1.0,0.0,zero_outage
grand_valley_solar_generation_and_bess_SolarPV_proposed,West,Solar:PV,proposed,proposed,False,1,100.0,100.0,,,,2027-12-01,2057-12-01,West_Solar_CF,68343,GRVA1,Grand Valley Solar Generation and BESS,SUN,PV,PSCO,CO+BA,,,,not_applicable,0.0,0.0,0.0,zero_emission,11.0,0.0,lbnl_solar_2024,,,see_elcc_lookup_csv,atb_2024_tech_life,,100.0,must_run_maxcap,0.0,1.0,0.0,zero_outage
sun_bear_SolarPV_proposed,West,Solar:PV,proposed,proposed,False,1,756.0,756.0,,,,2029-05-01,2059-05-01,West_Solar_CF,68261,SNBR1,Sun Bear,SUN,PV,WACM,CO+BA,,,,not_applicable,0.0,0.0,0.0,zero_emission,11.0,0.0,lbnl_solar_2024,,,see_elcc_lookup_csv,atb_2024_tech_life,,756.0,must_run_maxcap,0.0,1.0,0.0,zero_outage
grand_valley_solar_generation_and_bess_StorageBattery_proposed,West,Storage:Battery,proposed,proposed,False,1,100.0,100.0,400.0,100.0,100.0,2027-12-01,2042-12-01,,68343,GRVA2,Grand Valley Solar Generation and BESS,MWH,BA,PSCO,CO+BA,,,,not_applicable,0.0,0.0,0.0,zero_emission,44.25,0.0,atb_2024,,,see_elcc_lookup_csv,atb_2024_tech_life,117.65,0.0,storage_zero,0.0,1.0,0.0,zero_outage
sun_bear_StorageBattery_proposed,West,Storage:Battery,proposed,proposed,False,1,756.0,756.0,3024.0,756.0,756.0,2029-05-01,2044-05-01,,68261,SNBR2,Sun Bear,MWH,BA,WACM,CO+BA,,,,not_applicable,0.0,0.0,0.0,zero_emission,44.25,0.0,atb_2024,,,see_elcc_lookup_csv,atb_2024_tech_life,117.65,0.0,storage_zero,0.0,1.0,0.0,zero_outage
