utility_group,County,s_uc,Total_MWh,E_uc
Colorado Springs Utilities,El Paso,0.3333333333333333,4146991.226700948,1382330.4089003159
Colorado Springs Utilities,Teller,0.5,251593.08449290023,125796.54224645012
Public Service Company of Colorado,Adams,1.0,3678990.8946008254,3678990.8946008254
Public Service Company of Colorado,Alamosa,1.0,149238.6727400427,149238.6727400427
Public Service Company of Colorado,Arapahoe,1.0,5495468.248788391,5495468.248788391
Public Service Company of Colorado,Archuleta,1.0,99721.23929097844,99721.23929097844
Public Service Company of Colorado,Baca,1.0,103460.086637876,103460.086637876
Public Service Company of Colorado,Bent,1.0,35652.28254461255,35652.28254461255
Public Service Company of Colorado,Boulder,0.5,2905330.65077072,1452665.32538536
Public Service Company of Colorado,Chaffee,0.5,139597.79502967276,69798.89751483638
Public Service Company of Colorado,Clear Creek,0.5,198373.9157799379,99186.95788996895
Public Service Company of Colorado,Conejos,1.0,57054.647259039775,57054.647259039775
Public Service Company of Colorado,Costilla,1.0,26209.15785405412,26209.15785405412
Public Service Company of Colorado,Crowley,1.0,26750.013837840248,26750.013837840248
Public Service Company of Colorado,Custer,0.5,40337.68954956467,20168.844774782334
Public Service Company of Colorado,Delta,0.5,268126.7517797112,134063.3758898556
Public Service Company of Colorado,Denver,1.0,7910040.675231405,7910040.675231405
Public Service Company of Colorado,Dolores,0.5,40655.60516612501,20327.802583062505
Public Service Company of Colorado,Douglas,1.0,2654113.933292901,2654113.933292901
Public Service Company of Colorado,Eagle,1.0,480766.7169776864,480766.7169776864
Public Service Company of Colorado,El Paso,0.3333333333333333,4146991.226700948,1382330.4089003159
Public Service Company of Colorado,Elbert,1.0,212368.13190822132,212368.13190822132
Public Service Company of Colorado,Fremont,0.5,422832.5953672451,211416.29768362254
Public Service Company of Colorado,Garfield,0.5,449231.3234746831,224615.66173734155
Public Service Company of Colorado,Gilpin,1.0,71045.38884849906,71045.38884849906
Public Service Company of Colorado,Grand,0.5,202988.56261464715,101494.28130732357
Public Service Company of Colorado,Gunnison,0.5,199721.48179360083,99860.74089680042
Public Service Company of Colorado,Hinsdale,1.0,8001.81070349685,8001.81070349685
Public Service Company of Colorado,Huerfano,1.0,63848.95863953452,63848.95863953452
Public Service Company of Colorado,Jefferson,0.5,5664505.13432843,2832252.567164215
Public Service Company of Colorado,Kiowa,1.0,47006.33967549875,47006.33967549875
Public Service Company of Colorado,La Plata,0.5,565683.1970416488,282841.5985208244
Public Service Company of Colorado,Lake,0.5,57341.87576020817,28670.937880104084
Public Service Company of Colorado,Larimer,0.5,2763457.192265119,1381728.5961325595
Public Service Company of Colorado,Las Animas,1.0,190358.7801149749,190358.7801149749
Public Service Company of Colorado,Logan,0.5,249725.98832258297,124862.99416129148
Public Service Company of Colorado,Mesa,0.5,1278071.6231449256,639035.8115724628
Public Service Company of Colorado,Mineral,1.0,82076.9878651123,82076.9878651123
Public Service Company of Colorado,Moffat,0.5,147649.8228439861,73824.91142199305
Public Service Company of Colorado,Montezuma,0.5,395512.0542852149,197756.02714260746
Public Service Company of Colorado,Montrose,0.5,376708.1678127609,188354.08390638046
Public Service Company of Colorado,Morgan,0.5,491003.7407590534,245501.8703795267
Public Service Company of Colorado,Otero,1.0,251074.60658165463,251074.60658165463
Public Service Company of Colorado,Ouray,0.5,93191.85675732388,46595.92837866194
Public Service Company of Colorado,Park,1.0,121961.69735700508,121961.69735700508
Public Service Company of Colorado,Pitkin,1.0,300184.330268083,300184.330268083
Public Service Company of Colorado,Prowers,1.0,120556.63879395336,120556.63879395336
Public Service Company of Colorado,Pueblo,0.5,1870380.4575471813,935190.2287735906
Public Service Company of Colorado,Rio Blanco,0.5,134505.36391908076,67252.68195954038
Public Service Company of Colorado,Rio Grande,1.0,112862.84050279263,112862.84050279263
Public Service Company of Colorado,Routt,0.5,316860.6170073327,158430.30850366634
Public Service Company of Colorado,Saguache,0.5,51470.83845548832,25735.41922774416
Public Service Company of Colorado,San Miguel,0.5,84008.76786330309,42004.383931651544
Public Service Company of Colorado,Summit,0.5,263553.28276443767,131776.64138221883
Public Service Company of Colorado,Teller,0.5,251593.08449290023,125796.54224645012
Public Service Company of Colorado,Washington,0.5,110479.55698946984,55239.77849473492
Public Service Company of Colorado,Weld,0.5,2803861.7244594824,1401930.8622297412
Public Service Company of Colorado,Yuma,0.5,213389.1769244665,106694.58846223325
WAPA (incl. Tri-State),Boulder,0.5,2905330.65077072,1452665.32538536
WAPA (incl. Tri-State),Broomfield,1.0,650392.6411335716,650392.6411335716
WAPA (incl. Tri-State),Chaffee,0.5,139597.79502967276,69798.89751483638
WAPA (incl. Tri-State),Cheyenne,1.0,63394.66989717168,63394.66989717168
WAPA (incl. Tri-State),Clear Creek,0.5,198373.9157799379,99186.95788996895
WAPA (incl. Tri-State),Custer,0.5,40337.68954956467,20168.844774782334
WAPA (incl. Tri-State),Delta,0.5,268126.7517797112,134063.3758898556
WAPA (incl. Tri-State),Dolores,0.5,40655.60516612501,20327.802583062505
WAPA (incl. Tri-State),El Paso,0.3333333333333333,4146991.226700948,1382330.4089003159
WAPA (incl. Tri-State),Fremont,0.5,422832.5953672451,211416.29768362254
WAPA (incl. Tri-State),Garfield,0.5,449231.3234746831,224615.66173734155
WAPA (incl. Tri-State),Grand,0.5,202988.56261464715,101494.28130732357
WAPA (incl. Tri-State),Gunnison,0.5,199721.48179360083,99860.74089680042
WAPA (incl. Tri-State),Jackson,1.0,25543.86173416964,25543.86173416964
WAPA (incl. Tri-State),Jefferson,0.5,5664505.13432843,2832252.567164215
WAPA (incl. Tri-State),Kit Carson,1.0,163056.35853888007,163056.35853888007
WAPA (incl. Tri-State),La Plata,0.5,565683.1970416488,282841.5985208244
WAPA (incl. Tri-State),Lake,0.5,57341.87576020817,28670.937880104084
WAPA (incl. Tri-State),Larimer,0.5,2763457.192265119,1381728.5961325595
WAPA (incl. Tri-State),Lincoln,1.0,78177.52772683601,78177.52772683601
WAPA (incl. Tri-State),Logan,0.5,249725.98832258297,124862.99416129148
WAPA (incl. Tri-State),Mesa,0.5,1278071.6231449256,639035.8115724628
WAPA (incl. Tri-State),Moffat,0.5,147649.8228439861,73824.91142199305
WAPA (incl. Tri-State),Montezuma,0.5,395512.0542852149,197756.02714260746
WAPA (incl. Tri-State),Montrose,0.5,376708.1678127609,188354.08390638046
WAPA (incl. Tri-State),Morgan,0.5,491003.7407590534,245501.8703795267
WAPA (incl. Tri-State),Ouray,0.5,93191.85675732388,46595.92837866194
WAPA (incl. Tri-State),Phillips,1.0,85136.11635870158,85136.11635870158
WAPA (incl. Tri-State),Pueblo,0.5,1870380.4575471813,935190.2287735906
WAPA (incl. Tri-State),Rio Blanco,0.5,134505.36391908076,67252.68195954038
WAPA (incl. Tri-State),Routt,0.5,316860.6170073327,158430.30850366634
WAPA (incl. Tri-State),Saguache,0.5,51470.83845548832,25735.41922774416
WAPA (incl. Tri-State),San Juan,1.0,63399.1754009785,63399.1754009785
WAPA (incl. Tri-State),San Miguel,0.5,84008.76786330309,42004.383931651544
WAPA (incl. Tri-State),Sedgwick,1.0,44213.47323971056,44213.47323971056
WAPA (incl. Tri-State),Summit,0.5,263553.28276443767,131776.64138221883
WAPA (incl. Tri-State),Washington,0.5,110479.55698946984,55239.77849473492
WAPA (incl. Tri-State),Weld,0.5,2803861.7244594824,1401930.8622297412
WAPA (incl. Tri-State),Yuma,0.5,213389.1769244665,106694.58846223325
