zone,forecast_year,summer_peak_demand_forecast_mw_idx,winter_peak_demand_forecast_mw_idx,net_demand_forecast_mwh_idx
Denver,2025,0.9999999999999999,0.9999999999999999,0.9999999999999999
Denver,2026,0.9999999999999999,1.0249801825813945,1.001665413278196
Denver,2027,1.0177635785688346,1.0264951129796367,1.00436900626228
Denver,2028,1.0384000274089449,1.0630834740071542,1.0083228109927445
Denver,2029,1.0683633277737772,1.1104212262755364,1.013505236942077
Denver,2030,1.103171937670686,1.166110301618511,1.0178790299931295
Denver,2031,1.1314785088263577,1.2117565449319834,1.021981388796123
Denver,2032,1.1631006155669579,1.2580840169552823,1.0254795720758318
Denver,2033,1.1952497980719947,1.3034530946600225,1.0293914017303933
Denver,2034,1.2230869386576286,1.344507315561372,1.03336019848098
Denver,2035,1.2550495115280538,1.3932179268639204,1.037267141769465
Denver,2036,1.287847352957244,1.4436932914154887,1.0411888564860368
Denver,2037,1.3215022907738947,1.4959973450597597,1.0451253984787257
Denver,2038,1.3560367232269568,1.5501963399937697,1.049076823806713
Denver,2039,1.3914736338922638,1.6063589286878606,1.0530431887411298
Denver,2040,1.427836606968707,1.6645562508459941,1.0570245497658577
Denver,2041,1.4651498429741425,1.724862023516582,1.0610209635783332
Denver,2042,1.5034381748514742,1.7873526344679718,1.0650324870903554
Denver,2043,1.542727084495632,1.8521072389468651,1.0690591774288964
Denver,2044,1.5830427197124455,1.9192078599422284,1.073101091936915
Denver,2045,1.6244119116206983,1.9887394920816999,1.0771582881741728
Denver,2046,1.6668621925089457,2.0607902092920947,1.0812308239180544
Denver,2047,1.7104218141589789,2.1354512763603775,1.0853187571643896
Denver,2048,1.7551197666481309,2.212817264536418,1.08942214612828
Denver,2049,1.8009857976429378,2.2929861713239554,1.0935410492449278
Denver,2050,1.848050432196996,2.3760595446115116,1.0976755251704675
East,2025,1.0,1.0,1.0
East,2026,1.0,1.018123735081753,1.0012082981762565
East,2027,1.0158078637594437,1.021636886567082,1.00316982118966
East,2028,1.0320454259624072,1.0512001802039554,1.0077754860239243
East,2029,1.0583591264663748,1.0894073321214117,1.0158919208302237
East,2030,1.0852682659929647,1.1321044527251698,1.0213071430075604
East,2031,1.1080440073295454,1.1667910427004344,1.026401110843804
East,2032,1.131667943379721,1.201851179194819,1.0295171864168835
East,2033,1.1574262569452445,1.2373022916552645,1.0347385848527555
East,2034,1.1795694197038316,1.2693814664535512,1.0397228768640845
East,2035,1.2043982204861616,1.3062267301922375,1.044378463251278
East,2036,1.2297496436237265,1.344141470282872,1.0490548960438848
East,2037,1.255634689814006,1.3831567295122695,1.0537522685862406
East,2038,1.2820645913085722,1.4233044517199998,1.058470674640651
East,2039,1.3090508167870798,1.4646175079524846,1.0632102083892623
East,2040,1.3366050763338504,1.5071297233762486,1.0679709644359423
East,2041,1.3647393265192076,1.5508759049723568,1.0727530378081682
East,2042,1.3934657755877708,1.5958918700347169,1.0775565239589235
East,2043,1.4227968887559563,1.6422144754955759,1.0823815187686034
East,2044,1.4527453936209862,1.689881648102225,1.0872281185469284
East,2045,1.4833242856837523,1.7389324154696173,1.0920964200348668
East,2046,1.5145468339879302,1.789406938034323,1.0969865204065659
East,2047,1.5464265868777913,1.841346541935986,1.1018985172712912
East,2048,1.578977377877212,1.8947937528532033,1.1068325086753752
East,2049,1.6122133316924294,1.9497923308215277,1.1117885931041742
East,2050,1.6461488703411498,2.0063873060621056,1.1167668694840345
Mountain,2025,1.0,1.0,1.0
Mountain,2026,1.0,1.023656996540377,1.0015771972855763
Mountain,2027,1.0173861565093594,1.0255575520381242,1.004137582489434
Mountain,2028,1.0371736897274082,1.060790186049721,1.008217185921061
Mountain,2029,1.066432674979867,1.1063658767065927,1.0139658292247835
Mountain,2030,1.0997168119006486,1.1595477100474432,1.0185406016434575
Mountain,2031,1.1269560202839448,1.2030789134204412,1.0228343253232348
Mountain,2032,1.1570346064460242,1.2472319677015933,1.0262587678525619
Mountain,2033,1.1879504522163777,1.2906870348101414,1.030423323591772
Mountain,2034,1.2146887450417094,1.3300092136121853,1.0345880948836648
Mountain,2035,1.2452628823172398,1.3764047296520927,1.0386393190169938
Mountain,2036,1.276606581238878,1.4244186885468155,1.042706406871411
Mountain,2037,1.3087392119403363,1.474107547417599,1.0467894205658312
Mountain,2038,1.3416806321083148,1.525529732813605,1.0508884224624135
Mountain,2039,1.3754511992543794,1.578745709412657,1.055003475167514
Mountain,2040,1.4100717832957277,1.6338180511185152,1.0591346415326413
Mountain,2041,1.4455637794526157,1.6908115146382818,1.0632819846554173
Mountain,2042,1.481949121470419,1.7497931156264497,1.0674455678805406
Mountain,2043,1.5192502951744962,1.810832207485131,1.071625454800754
Mountain,2044,1.557490352366234,1.8740005629131222,1.0758217092578155
Mountain,2045,1.5966929250688604,1.9393724582996934,1.0800343953434741
Mountain,2046,1.6368822401318293,2.007024761062338,1.084263577400448
Mountain,2047,1.6780831342028038,2.077037020031178,1.0885093200234077
Mountain,2048,1.7203210690764879,2.149491558986302,1.0927716880599625
Mountain,2049,1.7636221474297953,2.2244735734580257,1.097050746611651
Mountain,2050,1.8080131289530765,2.3020712309038904,1.1013465610349356
North,2025,1.0,1.0,1.0
North,2026,1.0,1.0150891632373114,1.0010059851536472
North,2027,1.0149422905749854,1.019486700616379,1.0026390779355423
North,2028,1.029232964460541,1.0459407935031462,1.0075332473222893
North,2029,1.0539314009401228,1.0801068639787599,1.0169482351575676
North,2030,1.0773443406674694,1.1170539193981868,1.0228243799197805
North,2031,1.0976722107928598,1.1468899135734103,1.028357220634895
North,2032,1.11775626360387,1.176963278250508,1.0313041804540592
North,2033,1.1406860641608163,1.208024832111393,1.0371051764952997
North,2034,1.160309148584707,1.2361317716948195,1.0425389131099123
North,2035,1.1820300349964468,1.2678340959648413,1.047526636099376
North,2036,1.2041575345139153,1.300349470580413,1.052538221392977
North,2037,1.2266992588991108,1.3336987473522337,1.0575737831529413
North,2038,1.249662962405554,1.3679033128647857,1.0626334360876704
North,2039,1.273056544445718,1.402985102191355,1.067717295454355
North,2040,1.2968880523083905,1.4389666129607919,1.0728254770616004
North,2041,1.321165683926906,1.4758709197850326,1.0779580972720637
North,2042,1.3458977906991982,1.5137216890566372,1.0831152730051057
North,2043,1.371092880360645,1.5525431941258283,1.0882971217394533
North,2044,1.3967596199106904,1.5923603308667678,1.0935037615158762
North,2045,1.422906838594255,1.633198633643052,1.098735310939876
North,2046,1.4495435309389564,1.6750842916826636,1.1039918891843876
North,2047,1.4766788598491882,1.718044165872884,1.1092736159924936
North,2048,1.5043221597581176,1.7621058059859318,1.1145806116801529
North,2049,1.532482939838689,1.8072974683463794,1.1199129971389405
North,2050,1.561170887274738,1.8536481339516735,1.1252708938388023
South,2025,0.9999999999999998,0.9999999999999998,0.9999999999999998
South,2026,1.0015353464770866,1.0139590235946572,1.0023384762064653
South,2027,1.0159980693535442,1.0184386614919758,1.0052735024261978
South,2028,1.030007338236091,1.053343969107553,1.0109987676841432
South,2029,1.0523865468763507,1.0761565042528975,1.018822929079989
South,2030,1.0748561507136183,1.1103108908368884,1.024658834984169
South,2031,1.0944077447549927,1.1357552420498824,1.0302949701991215
South,2032,1.11364856902221,1.1631863419732982,1.0347242087131503
South,2033,1.1351380715211943,1.1927698237751,1.0400246633002062
South,2034,1.1537817910378034,1.229766449284371,1.045635517651269
South,2035,1.1744026277443051,1.2615868412690316,1.0509464466886513
South,2036,1.1953920080608544,1.2942305906860296,1.0562843506774044
South,2037,1.2167565187421228,1.327719002032862,1.061649366627079
South,2038,1.2385028642638216,1.3620739310641048,1.0670416322431164
South,2039,1.260637868926659,1.397317799055274,1.0724612859303833
South,2040,1.2831684789978983,1.4334736074357648,1.0779084667967238
South,2041,1.3061017648911915,1.4705649528004194,1.0833833146565306
South,2042,1.3294449233853718,1.508616042309524,1.088885970034333
South,2043,1.3532052798829022,1.5476517094872808,1.094416574168404
South,2044,1.3773902907086857,1.5876974304290687,1.0999752690143858
South,2045,1.4020075454499628,1.6287793404280697,1.1055621972489327
South,2046,1.4270647693380276,1.6709242510321103,1.111177502273374
South,2047,1.4525698256725115,1.7141596675418531,1.1168213282173947
South,2048,1.4785307182889933,1.7585138069617556,1.122493819942734
South,2049,1.5049555940707129,1.8040156164155128,1.1281951230469045
South,2050,1.5318527455051747,1.8506947920380026,1.133925383866929
West,2025,1.0,1.0,1.0
West,2026,1.0,1.0152370957635937,1.0010158477234163
West,2027,1.0149844864544781,1.019591520161267,1.0026649511705206
West,2028,1.0293700693163066,1.04619718366335,1.0075450562313986
West,2029,1.0541472483994547,1.0805602530624525,1.0168967408265708
West,2030,1.0777306245821572,1.117787618757137,1.022750416045831
West,2031,1.0981778261291941,1.1478600749202317,1.028261862120444
West,2032,1.1184344449222134,1.1781765400380966,1.0312170661737188
West,2033,1.1415021328307964,1.2094520807564972,1.0369898073762587
West,2034,1.161248068705762,1.2377526630745312,1.0424016339887374
West,2035,1.1831197384729535,1.2697040739282104,1.04737315435425
West,2036,1.2054033528980492,1.3024802801436743,1.0523683853644303
West,2037,1.228106670803443,1.336102573030779,1.0573874401023255
West,2038,1.2512375971460241,1.3705927935143472,1.0624304321903086
West,2039,1.2748041857695667,1.4059733463219575,1.0674974757926514
West,2040,1.2988146422089566,1.4422672145379776,1.0725886856181088
West,2041,1.3232773265472373,1.4794979745332963,1.0777041769225155
West,2042,1.348200756326466,1.517689811280452,1.0828440655113951
West,2043,1.373593609513395,1.556867534064107,1.088008467742582
West,2044,1.3994647275210097,1.5970565925970728,1.0931975005288552
West,2045,1.4258231182869776,1.6382830935523556,1.0984112813405853
West,2046,1.4526779594100776,1.68057381752196,1.1036499282083936
West,2047,1.4800386013457028,1.723956236413469,1.1089135597258244
West,2048,1.5079145706615502,1.7684585312957,1.1142022950520294
West,2049,1.5363155733546296,1.8141096107050283,1.1195162539144652
West,2050,1.5652514982307466,1.8609391294242734,1.124855556611604
