tech_class,atb_year,scenario,occ_per_kw,capex_per_kw,fixed_om_per_kw_yr,variable_om_per_mwh,heat_rate_mmbtu_per_mwh,atb_cf,debt_fraction,interest_rate_nominal,roe_nominal,tax_rate,wacc_nominal,crf,crf_source,crpyears,atb_technology,atb_techdetail,tax_credit_case,financing_source,hybrid_solar_occ_share,hybrid_battery_occ_share
Solar:PV,2022,Moderate,1366.6,1482.68,23.77,,,0.2626,0.5206,0.07,0.085,0.2574,0.0678,0.0574,atb_published,30,UtilityPV,Class5,PTC,Solar:PV,,
Solar:PV,2023,Moderate,1434.79,1610.9,22.22,,,0.2642,0.5333,0.07,0.085,0.2574,0.0674,0.0584,atb_published,30,UtilityPV,Class5,PTC,Solar:PV,,
Solar:PV,2024,Moderate,1378.92,1551.27,21.61,,,0.2659,0.5244,0.07,0.085,0.2574,0.0677,0.059,atb_published,30,UtilityPV,Class5,PTC,Solar:PV,,
Solar:PV,2025,Moderate,1323.05,1491.64,21.0,,,0.2675,0.515,0.07,0.085,0.2574,0.068,0.0592,atb_published,30,UtilityPV,Class5,PTC,Solar:PV,,
Solar:PV,2026,Moderate,1267.18,1432.01,20.4,,,0.2692,0.505,0.07,0.085,0.2574,0.0683,0.0594,atb_published,30,UtilityPV,Class5,PTC,Solar:PV,,
Solar:PV,2027,Moderate,1211.31,1372.38,19.79,,,0.2708,0.4941,0.07,0.085,0.2574,0.0687,0.0597,atb_published,30,UtilityPV,Class5,PTC,Solar:PV,,
Solar:PV,2028,Moderate,1155.44,1312.74,19.19,,,0.2725,0.4824,0.07,0.085,0.2574,0.0691,0.06,atb_published,30,UtilityPV,Class5,PTC,Solar:PV,,
Solar:PV,2029,Moderate,1099.57,1253.11,18.59,,,0.2741,0.4698,0.07,0.085,0.2574,0.0695,0.0602,atb_published,30,UtilityPV,Class5,PTC,Solar:PV,,
Solar:PV,2030,Moderate,1043.7,1193.48,17.99,,,0.2758,0.4561,0.07,0.085,0.2574,0.0699,0.0606,atb_published,30,UtilityPV,Class5,PTC,Solar:PV,,
Solar:PV,2031,Moderate,987.83,1133.85,17.39,,,0.2774,0.4412,0.07,0.085,0.2574,0.0704,0.0609,atb_published,30,UtilityPV,Class5,PTC,Solar:PV,,
Solar:PV,2032,Moderate,931.96,1074.22,16.8,,,0.2791,0.425,0.07,0.085,0.2574,0.071,0.0613,atb_published,30,UtilityPV,Class5,PTC,Solar:PV,,
Solar:PV,2033,Moderate,876.09,1014.59,16.2,,,0.2807,0.4072,0.07,0.085,0.2574,0.0716,0.0617,atb_published,30,UtilityPV,Class5,PTC,Solar:PV,,
Solar:PV,2034,Moderate,820.22,954.95,15.61,,,0.2824,0.3875,0.07,0.085,0.2574,0.0722,0.0622,atb_published,30,UtilityPV,Class5,PTC,Solar:PV,,
Solar:PV,2035,Moderate,764.35,895.32,15.02,,,0.284,0.3658,0.07,0.085,0.2574,0.0729,0.0627,atb_published,30,UtilityPV,Class5,PTC,Solar:PV,,
Solar:PV,2036,Moderate,750.68,881.16,14.87,,,0.2852,0.3591,0.07,0.085,0.2574,0.0731,0.0628,atb_published,30,UtilityPV,Class5,PTC,Solar:PV,,
Solar:PV,2037,Moderate,737.01,867.0,14.72,,,0.2863,0.3523,0.07,0.085,0.2574,0.0734,0.063,atb_published,30,UtilityPV,Class5,PTC,Solar:PV,,
Solar:PV,2038,Moderate,723.34,852.84,14.57,,,0.2874,0.3452,0.07,0.085,0.2574,0.0736,0.0631,atb_published,30,UtilityPV,Class5,PTC,Solar:PV,,
Solar:PV,2039,Moderate,709.67,838.67,14.41,,,0.2886,0.338,0.07,0.085,0.2574,0.0738,0.0633,atb_published,30,UtilityPV,Class5,PTC,Solar:PV,,
Solar:PV,2040,Moderate,695.99,824.51,14.26,,,0.2897,0.3305,0.07,0.085,0.2574,0.0741,0.0635,atb_published,30,UtilityPV,Class5,PTC,Solar:PV,,
Solar:PV,2041,Moderate,682.32,810.35,14.11,,,0.2909,0.3229,0.07,0.085,0.2574,0.0743,0.0637,atb_published,30,UtilityPV,Class5,PTC,Solar:PV,,
Solar:PV,2042,Moderate,668.65,796.19,13.96,,,0.292,0.315,0.07,0.085,0.2574,0.0746,0.0639,atb_published,30,UtilityPV,Class5,PTC,Solar:PV,,
Solar:PV,2043,Moderate,654.98,782.03,13.81,,,0.2931,0.3069,0.07,0.085,0.2574,0.0749,0.0641,atb_published,30,UtilityPV,Class5,PTC,Solar:PV,,
Solar:PV,2044,Moderate,641.31,767.87,13.66,,,0.2943,0.2986,0.07,0.085,0.2574,0.0751,0.0643,atb_published,30,UtilityPV,Class5,PTC,Solar:PV,,
Solar:PV,2045,Moderate,627.63,753.7,13.51,,,0.2954,0.29,0.07,0.085,0.2574,0.0754,0.0645,atb_published,30,UtilityPV,Class5,PTC,Solar:PV,,
Solar:PV,2046,Moderate,613.96,739.54,13.36,,,0.2965,0.2811,0.07,0.085,0.2574,0.0757,0.0647,atb_published,30,UtilityPV,Class5,PTC,Solar:PV,,
Solar:PV,2047,Moderate,600.29,725.38,13.21,,,0.2977,0.272,0.07,0.085,0.2574,0.076,0.0649,atb_published,30,UtilityPV,Class5,PTC,Solar:PV,,
Solar:PV,2048,Moderate,586.62,711.22,13.06,,,0.2988,0.2626,0.07,0.085,0.2574,0.0763,0.0651,atb_published,30,UtilityPV,Class5,PTC,Solar:PV,,
Solar:PV,2049,Moderate,572.95,697.06,12.91,,,0.2999,0.2529,0.07,0.085,0.2574,0.0766,0.0653,atb_published,30,UtilityPV,Class5,PTC,Solar:PV,,
Solar:PV,2050,Moderate,559.28,682.9,12.76,,,0.3011,0.2429,0.07,0.085,0.2574,0.077,0.0656,atb_published,30,UtilityPV,Class5,PTC,Solar:PV,,
Wind,2022,Moderate,1471.56,1665.79,32.44,,,0.4334,0.3882,0.07,0.09,0.2574,0.0752,0.0625,atb_published,30,LandbasedWind,Class5,PTC,Wind,,
Wind,2023,Moderate,1585.26,1786.31,32.05,,,0.4367,0.4061,0.07,0.09,0.2574,0.0746,0.0634,atb_published,30,LandbasedWind,Class5,PTC,Wind,,
Wind,2024,Moderate,1481.28,1676.09,31.65,,,0.44,0.3849,0.07,0.09,0.2574,0.0754,0.0644,atb_published,30,LandbasedWind,Class5,PTC,Wind,,
Wind,2025,Moderate,1380.34,1569.1,31.25,,,0.4433,0.3617,0.07,0.09,0.2574,0.0762,0.0651,atb_published,30,LandbasedWind,Class5,PTC,Wind,,
Wind,2026,Moderate,1349.93,1536.87,30.85,,,0.4466,0.3522,0.07,0.09,0.2574,0.0766,0.0653,atb_published,30,LandbasedWind,Class5,PTC,Wind,,
Wind,2027,Moderate,1319.53,1504.64,30.46,,,0.4499,0.3423,0.07,0.09,0.2574,0.077,0.0656,atb_published,30,LandbasedWind,Class5,PTC,Wind,,
Wind,2028,Moderate,1289.12,1472.41,30.06,,,0.4532,0.3321,0.07,0.09,0.2574,0.0774,0.0659,atb_published,30,LandbasedWind,Class5,PTC,Wind,,
Wind,2029,Moderate,1258.71,1440.18,29.66,,,0.4565,0.3215,0.07,0.09,0.2574,0.0778,0.0662,atb_published,30,LandbasedWind,Class5,PTC,Wind,,
Wind,2030,Moderate,1228.31,1407.95,29.26,,,0.4598,0.3104,0.07,0.09,0.2574,0.0782,0.0665,atb_published,30,LandbasedWind,Class5,PTC,Wind,,
Wind,2031,Moderate,1214.48,1393.3,29.06,,,0.4602,0.3063,0.07,0.09,0.2574,0.0784,0.0666,atb_published,30,LandbasedWind,Class5,PTC,Wind,,
Wind,2032,Moderate,1200.66,1378.65,28.86,,,0.4606,0.302,0.07,0.09,0.2574,0.0785,0.0667,atb_published,30,LandbasedWind,Class5,PTC,Wind,,
Wind,2033,Moderate,1186.84,1364.0,28.66,,,0.461,0.2977,0.07,0.09,0.2574,0.0787,0.0668,atb_published,30,LandbasedWind,Class5,PTC,Wind,,
Wind,2034,Moderate,1173.01,1349.34,28.46,,,0.4613,0.2933,0.07,0.09,0.2574,0.0788,0.0669,atb_published,30,LandbasedWind,Class5,PTC,Wind,,
Wind,2035,Moderate,1159.19,1334.69,28.26,,,0.4617,0.2889,0.07,0.09,0.2574,0.079,0.0671,atb_published,30,LandbasedWind,Class5,PTC,Wind,,
Wind,2036,Moderate,1145.37,1320.04,28.06,,,0.4621,0.2843,0.07,0.09,0.2574,0.0792,0.0672,atb_published,30,LandbasedWind,Class5,PTC,Wind,,
Wind,2037,Moderate,1131.54,1305.39,27.86,,,0.4624,0.2796,0.07,0.09,0.2574,0.0794,0.0673,atb_published,30,LandbasedWind,Class5,PTC,Wind,,
Wind,2038,Moderate,1117.72,1290.74,27.66,,,0.4628,0.2749,0.07,0.09,0.2574,0.0795,0.0675,atb_published,30,LandbasedWind,Class5,PTC,Wind,,
Wind,2039,Moderate,1103.9,1276.08,27.46,,,0.4632,0.2701,0.07,0.09,0.2574,0.0797,0.0676,atb_published,30,LandbasedWind,Class5,PTC,Wind,,
Wind,2040,Moderate,1090.07,1261.43,27.26,,,0.4636,0.2651,0.07,0.09,0.2574,0.0799,0.0677,atb_published,30,LandbasedWind,Class5,PTC,Wind,,
Wind,2041,Moderate,1076.25,1246.78,27.06,,,0.4639,0.2601,0.07,0.09,0.2574,0.0801,0.0679,atb_published,30,LandbasedWind,Class5,PTC,Wind,,
Wind,2042,Moderate,1062.43,1232.13,26.86,,,0.4643,0.2549,0.07,0.09,0.2574,0.0803,0.068,atb_published,30,LandbasedWind,Class5,PTC,Wind,,
Wind,2043,Moderate,1048.6,1217.47,26.66,,,0.4647,0.2497,0.07,0.09,0.2574,0.0805,0.0682,atb_published,30,LandbasedWind,Class5,PTC,Wind,,
Wind,2044,Moderate,1034.78,1202.82,26.46,,,0.465,0.2443,0.07,0.09,0.2574,0.0807,0.0683,atb_published,30,LandbasedWind,Class5,PTC,Wind,,
Wind,2045,Moderate,1020.96,1188.17,26.26,,,0.4654,0.2389,0.07,0.09,0.2574,0.0809,0.0685,atb_published,30,LandbasedWind,Class5,PTC,Wind,,
Wind,2046,Moderate,1007.13,1173.52,26.06,,,0.4658,0.2333,0.07,0.09,0.2574,0.0811,0.0686,atb_published,30,LandbasedWind,Class5,PTC,Wind,,
Wind,2047,Moderate,993.31,1158.86,25.86,,,0.4662,0.2276,0.07,0.09,0.2574,0.0813,0.0688,atb_published,30,LandbasedWind,Class5,PTC,Wind,,
Wind,2048,Moderate,979.49,1144.21,25.65,,,0.4665,0.2217,0.07,0.09,0.2574,0.0816,0.069,atb_published,30,LandbasedWind,Class5,PTC,Wind,,
Wind,2049,Moderate,965.66,1129.56,25.45,,,0.4669,0.2158,0.07,0.09,0.2574,0.0818,0.0691,atb_published,30,LandbasedWind,Class5,PTC,Wind,,
Wind,2050,Moderate,951.84,1114.91,25.25,,,0.4673,0.2097,0.07,0.09,0.2574,0.082,0.0693,atb_published,30,LandbasedWind,Class5,PTC,Wind,,
Solar+Storage,2022,Moderate,2327.88,2478.41,64.69,,,0.2764,0.5215,0.07,0.085,0.2574,0.0678,0.0591,computed_real_wacc,30,Utility-Scale PV-Plus-Battery,Class5,PTC + ITC,Solar+Storage,0.415,0.585
Solar+Storage,2023,Moderate,2379.87,2589.85,62.61,,,0.278,0.4326,0.07,0.085,0.2574,0.0707,0.0611,computed_real_wacc,30,Utility-Scale PV-Plus-Battery,Class5,PTC + ITC,Solar+Storage,0.4294,0.5706
Solar+Storage,2024,Moderate,2252.41,2456.06,61.47,,,0.2797,0.4275,0.07,0.085,0.2574,0.0709,0.0612,computed_real_wacc,30,Utility-Scale PV-Plus-Battery,Class5,PTC + ITC,Solar+Storage,0.4379,0.5621
Solar+Storage,2025,Moderate,2079.71,2275.41,60.33,,,0.2813,0.4237,0.07,0.085,0.2574,0.071,0.0613,computed_real_wacc,30,Utility-Scale PV-Plus-Battery,Class5,PTC + ITC,Solar+Storage,0.4603,0.5397
Solar+Storage,2026,Moderate,2000.37,2191.47,59.19,,,0.283,0.4158,0.07,0.085,0.2574,0.0713,0.0615,computed_real_wacc,30,Utility-Scale PV-Plus-Battery,Class5,PTC + ITC,Solar+Storage,0.4578,0.5422
Solar+Storage,2027,Moderate,1921.03,2107.52,58.05,,,0.2846,0.4074,0.07,0.085,0.2574,0.0715,0.0617,computed_real_wacc,30,Utility-Scale PV-Plus-Battery,Class5,PTC + ITC,Solar+Storage,0.455,0.545
Solar+Storage,2028,Moderate,1841.69,2023.58,56.91,,,0.2863,0.3983,0.07,0.085,0.2574,0.0719,0.0619,computed_real_wacc,30,Utility-Scale PV-Plus-Battery,Class5,PTC + ITC,Solar+Storage,0.4521,0.5479
Solar+Storage,2029,Moderate,1762.34,1939.63,55.78,,,0.2879,0.3884,0.07,0.085,0.2574,0.0722,0.0621,computed_real_wacc,30,Utility-Scale PV-Plus-Battery,Class5,PTC + ITC,Solar+Storage,0.4488,0.5512
Solar+Storage,2030,Moderate,1683.0,1855.68,54.64,,,0.2896,0.3778,0.07,0.085,0.2574,0.0725,0.0624,computed_real_wacc,30,Utility-Scale PV-Plus-Battery,Class5,PTC + ITC,Solar+Storage,0.4453,0.5547
Solar+Storage,2031,Moderate,1620.34,1789.02,53.51,,,0.2912,0.3659,0.07,0.085,0.2574,0.0729,0.0627,computed_real_wacc,30,Utility-Scale PV-Plus-Battery,Class5,PTC + ITC,Solar+Storage,0.4356,0.5644
Solar+Storage,2032,Moderate,1557.68,1722.35,52.38,,,0.2929,0.3532,0.07,0.085,0.2574,0.0733,0.063,computed_real_wacc,30,Utility-Scale PV-Plus-Battery,Class5,PTC + ITC,Solar+Storage,0.4252,0.5748
Solar+Storage,2033,Moderate,1495.02,1655.69,51.25,,,0.2945,0.3395,0.07,0.085,0.2574,0.0738,0.0633,computed_real_wacc,30,Utility-Scale PV-Plus-Battery,Class5,PTC + ITC,Solar+Storage,0.414,0.586
Solar+Storage,2034,Moderate,1432.36,1589.02,50.13,,,0.2962,0.3247,0.07,0.085,0.2574,0.0743,0.0636,computed_real_wacc,30,Utility-Scale PV-Plus-Battery,Class5,PTC + ITC,Solar+Storage,0.402,0.598
Solar+Storage,2035,Moderate,1369.7,1522.36,49.0,,,0.2978,0.3087,0.07,0.085,0.2574,0.0748,0.064,computed_real_wacc,30,Utility-Scale PV-Plus-Battery,Class5,PTC + ITC,Solar+Storage,0.3891,0.6109
Solar+Storage,2036,Moderate,1345.99,1497.79,48.85,,,0.299,0.3039,0.07,0.085,0.2574,0.075,0.0641,computed_real_wacc,30,Utility-Scale PV-Plus-Battery,Class5,PTC + ITC,Solar+Storage,0.3888,0.6112
Solar+Storage,2037,Moderate,1322.27,1473.23,48.7,,,0.3001,0.2989,0.07,0.085,0.2574,0.0751,0.0642,computed_real_wacc,30,Utility-Scale PV-Plus-Battery,Class5,PTC + ITC,Solar+Storage,0.3886,0.6114
Solar+Storage,2038,Moderate,1298.55,1448.66,48.55,,,0.3012,0.2938,0.07,0.085,0.2574,0.0753,0.0644,computed_real_wacc,30,Utility-Scale PV-Plus-Battery,Class5,PTC + ITC,Solar+Storage,0.3882,0.6118
Solar+Storage,2039,Moderate,1274.84,1424.1,48.39,,,0.3024,0.2885,0.07,0.085,0.2574,0.0755,0.0645,computed_real_wacc,30,Utility-Scale PV-Plus-Battery,Class5,PTC + ITC,Solar+Storage,0.3879,0.6121
Solar+Storage,2040,Moderate,1251.12,1399.53,48.24,,,0.3035,0.2831,0.07,0.085,0.2574,0.0757,0.0646,computed_real_wacc,30,Utility-Scale PV-Plus-Battery,Class5,PTC + ITC,Solar+Storage,0.3876,0.6124
Solar+Storage,2041,Moderate,1227.41,1374.97,48.09,,,0.3046,0.2774,0.07,0.085,0.2574,0.0758,0.0648,computed_real_wacc,30,Utility-Scale PV-Plus-Battery,Class5,PTC + ITC,Solar+Storage,0.3873,0.6127
Solar+Storage,2042,Moderate,1203.69,1350.4,47.94,,,0.3058,0.2716,0.07,0.085,0.2574,0.076,0.0649,computed_real_wacc,30,Utility-Scale PV-Plus-Battery,Class5,PTC + ITC,Solar+Storage,0.3869,0.6131
Solar+Storage,2043,Moderate,1179.98,1325.84,47.79,,,0.3069,0.2657,0.07,0.085,0.2574,0.0762,0.065,computed_real_wacc,30,Utility-Scale PV-Plus-Battery,Class5,PTC + ITC,Solar+Storage,0.3865,0.6135
Solar+Storage,2044,Moderate,1156.27,1301.28,47.64,,,0.3081,0.2595,0.07,0.085,0.2574,0.0764,0.0652,computed_real_wacc,30,Utility-Scale PV-Plus-Battery,Class5,PTC + ITC,Solar+Storage,0.3861,0.6139
Solar+Storage,2045,Moderate,1132.55,1276.71,47.49,,,0.3092,0.2531,0.07,0.085,0.2574,0.0766,0.0653,computed_real_wacc,30,Utility-Scale PV-Plus-Battery,Class5,PTC + ITC,Solar+Storage,0.3857,0.6143
Solar+Storage,2046,Moderate,1108.84,1252.15,47.34,,,0.3103,0.2465,0.07,0.085,0.2574,0.0769,0.0655,computed_real_wacc,30,Utility-Scale PV-Plus-Battery,Class5,PTC + ITC,Solar+Storage,0.3853,0.6147
Solar+Storage,2047,Moderate,1085.13,1227.59,47.19,,,0.3115,0.2396,0.07,0.085,0.2574,0.0771,0.0657,computed_real_wacc,30,Utility-Scale PV-Plus-Battery,Class5,PTC + ITC,Solar+Storage,0.3849,0.6151
Solar+Storage,2048,Moderate,1061.42,1203.03,47.04,,,0.3126,0.2326,0.07,0.085,0.2574,0.0773,0.0658,computed_real_wacc,30,Utility-Scale PV-Plus-Battery,Class5,PTC + ITC,Solar+Storage,0.3844,0.6156
Solar+Storage,2049,Moderate,1037.71,1178.47,46.89,,,0.3137,0.2252,0.07,0.085,0.2574,0.0776,0.066,computed_real_wacc,30,Utility-Scale PV-Plus-Battery,Class5,PTC + ITC,Solar+Storage,0.384,0.616
Solar+Storage,2050,Moderate,1014.0,1153.91,46.74,,,0.3149,0.2176,0.07,0.085,0.2574,0.0778,0.0662,computed_real_wacc,30,Utility-Scale PV-Plus-Battery,Class5,PTC + ITC,Solar+Storage,0.3835,0.6165
Storage:Battery,2022,Moderate,1926.72,2100.78,48.17,,,,0.5206,0.07,0.085,0.2574,0.0678,0.0574,atb_published,30,Utility-Scale Battery Storage,4Hr Battery Storage,,Solar:PV,,
Storage:Battery,2023,Moderate,1906.96,2080.3,47.67,,,,0.5333,0.07,0.085,0.2574,0.0674,0.0584,atb_published,30,Utility-Scale Battery Storage,4Hr Battery Storage,,Solar:PV,,
Storage:Battery,2024,Moderate,1769.88,1938.2,44.25,,,,0.5244,0.07,0.085,0.2574,0.0677,0.059,atb_published,30,Utility-Scale Battery Storage,4Hr Battery Storage,,Solar:PV,,
Storage:Battery,2025,Moderate,1551.07,1711.4,38.78,,,,0.515,0.07,0.085,0.2574,0.068,0.0592,atb_published,30,Utility-Scale Battery Storage,4Hr Battery Storage,,Solar:PV,,
Storage:Battery,2026,Moderate,1500.9,1659.39,37.52,,,,0.505,0.07,0.085,0.2574,0.0683,0.0594,atb_published,30,Utility-Scale Battery Storage,4Hr Battery Storage,,Solar:PV,,
Storage:Battery,2027,Moderate,1450.72,1607.38,36.27,,,,0.4941,0.07,0.085,0.2574,0.0687,0.0597,atb_published,30,Utility-Scale Battery Storage,4Hr Battery Storage,,Solar:PV,,
Storage:Battery,2028,Moderate,1400.53,1555.36,35.01,,,,0.4824,0.07,0.085,0.2574,0.0691,0.06,atb_published,30,Utility-Scale Battery Storage,4Hr Battery Storage,,Solar:PV,,
Storage:Battery,2029,Moderate,1350.35,1503.34,33.76,,,,0.4698,0.07,0.085,0.2574,0.0695,0.0602,atb_published,30,Utility-Scale Battery Storage,4Hr Battery Storage,,Solar:PV,,
Storage:Battery,2030,Moderate,1300.15,1451.32,32.5,,,,0.4561,0.07,0.085,0.2574,0.0699,0.0606,atb_published,30,Utility-Scale Battery Storage,4Hr Battery Storage,,Solar:PV,,
Storage:Battery,2031,Moderate,1280.1,1430.53,32.0,,,,0.4412,0.07,0.085,0.2574,0.0704,0.0609,atb_published,30,Utility-Scale Battery Storage,4Hr Battery Storage,,Solar:PV,,
Storage:Battery,2032,Moderate,1260.05,1409.75,31.5,,,,0.425,0.07,0.085,0.2574,0.071,0.0613,atb_published,30,Utility-Scale Battery Storage,4Hr Battery Storage,,Solar:PV,,
Storage:Battery,2033,Moderate,1240.0,1388.96,31.0,,,,0.4072,0.07,0.085,0.2574,0.0716,0.0617,atb_published,30,Utility-Scale Battery Storage,4Hr Battery Storage,,Solar:PV,,
Storage:Battery,2034,Moderate,1219.95,1368.18,30.5,,,,0.3875,0.07,0.085,0.2574,0.0722,0.0622,atb_published,30,Utility-Scale Battery Storage,4Hr Battery Storage,,Solar:PV,,
Storage:Battery,2035,Moderate,1199.9,1347.4,30.0,,,,0.3658,0.07,0.085,0.2574,0.0729,0.0627,atb_published,30,Utility-Scale Battery Storage,4Hr Battery Storage,,Solar:PV,,
Storage:Battery,2036,Moderate,1179.85,1326.61,29.5,,,,0.3591,0.07,0.085,0.2574,0.0731,0.0628,atb_published,30,Utility-Scale Battery Storage,4Hr Battery Storage,,Solar:PV,,
Storage:Battery,2037,Moderate,1159.8,1305.83,28.99,,,,0.3523,0.07,0.085,0.2574,0.0734,0.063,atb_published,30,Utility-Scale Battery Storage,4Hr Battery Storage,,Solar:PV,,
Storage:Battery,2038,Moderate,1139.75,1285.05,28.49,,,,0.3452,0.07,0.085,0.2574,0.0736,0.0631,atb_published,30,Utility-Scale Battery Storage,4Hr Battery Storage,,Solar:PV,,
Storage:Battery,2039,Moderate,1119.71,1264.27,27.99,,,,0.338,0.07,0.085,0.2574,0.0738,0.0633,atb_published,30,Utility-Scale Battery Storage,4Hr Battery Storage,,Solar:PV,,
Storage:Battery,2040,Moderate,1099.66,1243.5,27.49,,,,0.3305,0.07,0.085,0.2574,0.0741,0.0635,atb_published,30,Utility-Scale Battery Storage,4Hr Battery Storage,,Solar:PV,,
Storage:Battery,2041,Moderate,1079.61,1222.72,26.99,,,,0.3229,0.07,0.085,0.2574,0.0743,0.0637,atb_published,30,Utility-Scale Battery Storage,4Hr Battery Storage,,Solar:PV,,
Storage:Battery,2042,Moderate,1059.57,1201.94,26.49,,,,0.315,0.07,0.085,0.2574,0.0746,0.0639,atb_published,30,Utility-Scale Battery Storage,4Hr Battery Storage,,Solar:PV,,
Storage:Battery,2043,Moderate,1039.53,1181.17,25.99,,,,0.3069,0.07,0.085,0.2574,0.0749,0.0641,atb_published,30,Utility-Scale Battery Storage,4Hr Battery Storage,,Solar:PV,,
Storage:Battery,2044,Moderate,1019.49,1160.39,25.49,,,,0.2986,0.07,0.085,0.2574,0.0751,0.0643,atb_published,30,Utility-Scale Battery Storage,4Hr Battery Storage,,Solar:PV,,
Storage:Battery,2045,Moderate,999.44,1139.62,24.99,,,,0.29,0.07,0.085,0.2574,0.0754,0.0645,atb_published,30,Utility-Scale Battery Storage,4Hr Battery Storage,,Solar:PV,,
Storage:Battery,2046,Moderate,979.4,1118.85,24.49,,,,0.2811,0.07,0.085,0.2574,0.0757,0.0647,atb_published,30,Utility-Scale Battery Storage,4Hr Battery Storage,,Solar:PV,,
Storage:Battery,2047,Moderate,959.37,1098.08,23.98,,,,0.272,0.07,0.085,0.2574,0.076,0.0649,atb_published,30,Utility-Scale Battery Storage,4Hr Battery Storage,,Solar:PV,,
Storage:Battery,2048,Moderate,939.33,1077.31,23.48,,,,0.2626,0.07,0.085,0.2574,0.0763,0.0651,atb_published,30,Utility-Scale Battery Storage,4Hr Battery Storage,,Solar:PV,,
Storage:Battery,2049,Moderate,919.29,1056.54,22.98,,,,0.2529,0.07,0.085,0.2574,0.0766,0.0653,atb_published,30,Utility-Scale Battery Storage,4Hr Battery Storage,,Solar:PV,,
Storage:Battery,2050,Moderate,899.26,1035.77,22.48,,,,0.2429,0.07,0.085,0.2574,0.077,0.0656,atb_published,30,Utility-Scale Battery Storage,4Hr Battery Storage,,Solar:PV,,
Gas:CT,2022,Moderate,1110.4,1348.82,26.1,6.94,9.717,,0.55,0.08,0.105,0.2574,0.0799,0.0677,computed_real_wacc,30,NaturalGas_FE,NG Combustion Turbine (F-Frame),,Gas:CT,,
Gas:CT,2023,Moderate,1101.6,1339.01,26.0,6.94,9.717,,0.55,0.08,0.105,0.2574,0.0799,0.0677,computed_real_wacc,30,NaturalGas_FE,NG Combustion Turbine (F-Frame),,Gas:CT,,
Gas:CT,2024,Moderate,1092.8,1329.2,25.8,6.94,9.717,,0.55,0.08,0.105,0.2574,0.0799,0.0677,computed_real_wacc,30,NaturalGas_FE,NG Combustion Turbine (F-Frame),,Gas:CT,,
Gas:CT,2025,Moderate,1084.0,1319.4,25.7,6.94,9.717,,0.55,0.08,0.105,0.2574,0.0799,0.0677,computed_real_wacc,30,NaturalGas_FE,NG Combustion Turbine (F-Frame),,Gas:CT,,
Gas:CT,2026,Moderate,1075.2,1309.59,25.6,6.94,9.717,,0.55,0.08,0.105,0.2574,0.0799,0.0677,computed_real_wacc,30,NaturalGas_FE,NG Combustion Turbine (F-Frame),,Gas:CT,,
Gas:CT,2027,Moderate,1066.4,1299.78,25.4,6.94,9.717,,0.55,0.08,0.105,0.2574,0.0799,0.0677,computed_real_wacc,30,NaturalGas_FE,NG Combustion Turbine (F-Frame),,Gas:CT,,
Gas:CT,2028,Moderate,1057.6,1289.98,25.3,6.94,9.717,,0.55,0.08,0.105,0.2574,0.0799,0.0677,computed_real_wacc,30,NaturalGas_FE,NG Combustion Turbine (F-Frame),,Gas:CT,,
Gas:CT,2029,Moderate,1048.9,1280.28,25.1,6.94,9.717,,0.55,0.08,0.105,0.2574,0.0799,0.0677,computed_real_wacc,30,NaturalGas_FE,NG Combustion Turbine (F-Frame),,Gas:CT,,
Gas:CT,2030,Moderate,1040.1,1270.48,25.0,6.94,9.717,,0.55,0.08,0.105,0.2574,0.0799,0.0677,computed_real_wacc,30,NaturalGas_FE,NG Combustion Turbine (F-Frame),,Gas:CT,,
Gas:CT,2031,Moderate,1031.3,1260.67,24.8,6.94,9.717,,0.55,0.08,0.105,0.2574,0.0799,0.0677,computed_real_wacc,30,NaturalGas_FE,NG Combustion Turbine (F-Frame),,Gas:CT,,
Gas:CT,2032,Moderate,1022.5,1250.86,24.7,6.94,9.717,,0.55,0.08,0.105,0.2574,0.0799,0.0677,computed_real_wacc,30,NaturalGas_FE,NG Combustion Turbine (F-Frame),,Gas:CT,,
Gas:CT,2033,Moderate,1013.7,1241.06,24.5,6.94,9.717,,0.55,0.08,0.105,0.2574,0.0799,0.0677,computed_real_wacc,30,NaturalGas_FE,NG Combustion Turbine (F-Frame),,Gas:CT,,
Gas:CT,2034,Moderate,1004.9,1231.25,24.4,6.94,9.717,,0.55,0.08,0.105,0.2574,0.0799,0.0677,computed_real_wacc,30,NaturalGas_FE,NG Combustion Turbine (F-Frame),,Gas:CT,,
Gas:CT,2035,Moderate,996.1,1221.44,24.2,6.94,9.717,,0.55,0.08,0.105,0.2574,0.0799,0.0677,computed_real_wacc,30,NaturalGas_FE,NG Combustion Turbine (F-Frame),,Gas:CT,,
Gas:CT,2036,Moderate,987.3,1211.64,24.1,6.94,9.717,,0.55,0.08,0.105,0.2574,0.0799,0.0677,computed_real_wacc,30,NaturalGas_FE,NG Combustion Turbine (F-Frame),,Gas:CT,,
Gas:CT,2037,Moderate,978.6,1201.94,23.9,6.94,9.717,,0.55,0.08,0.105,0.2574,0.0799,0.0677,computed_real_wacc,30,NaturalGas_FE,NG Combustion Turbine (F-Frame),,Gas:CT,,
Gas:CT,2038,Moderate,969.8,1192.14,23.8,6.94,9.717,,0.55,0.08,0.105,0.2574,0.0799,0.0677,computed_real_wacc,30,NaturalGas_FE,NG Combustion Turbine (F-Frame),,Gas:CT,,
Gas:CT,2039,Moderate,961.0,1182.33,23.7,6.94,9.717,,0.55,0.08,0.105,0.2574,0.0799,0.0677,computed_real_wacc,30,NaturalGas_FE,NG Combustion Turbine (F-Frame),,Gas:CT,,
Gas:CT,2040,Moderate,952.2,1172.52,23.5,6.94,9.717,,0.55,0.08,0.105,0.2574,0.0799,0.0677,computed_real_wacc,30,NaturalGas_FE,NG Combustion Turbine (F-Frame),,Gas:CT,,
Gas:CT,2041,Moderate,943.4,1162.72,23.4,6.94,9.717,,0.55,0.08,0.105,0.2574,0.0799,0.0677,computed_real_wacc,30,NaturalGas_FE,NG Combustion Turbine (F-Frame),,Gas:CT,,
Gas:CT,2042,Moderate,934.6,1152.91,23.2,6.94,9.717,,0.55,0.08,0.105,0.2574,0.0799,0.0677,computed_real_wacc,30,NaturalGas_FE,NG Combustion Turbine (F-Frame),,Gas:CT,,
Gas:CT,2043,Moderate,925.8,1143.11,23.1,6.94,9.717,,0.55,0.08,0.105,0.2574,0.0799,0.0677,computed_real_wacc,30,NaturalGas_FE,NG Combustion Turbine (F-Frame),,Gas:CT,,
Gas:CT,2044,Moderate,917.0,1133.3,22.9,6.94,9.717,,0.55,0.08,0.105,0.2574,0.0799,0.0677,computed_real_wacc,30,NaturalGas_FE,NG Combustion Turbine (F-Frame),,Gas:CT,,
Gas:CT,2045,Moderate,908.3,1123.6,22.8,6.94,9.717,,0.55,0.08,0.105,0.2574,0.0799,0.0677,computed_real_wacc,30,NaturalGas_FE,NG Combustion Turbine (F-Frame),,Gas:CT,,
Gas:CT,2046,Moderate,899.5,1113.8,22.6,6.94,9.717,,0.55,0.08,0.105,0.2574,0.0799,0.0677,computed_real_wacc,30,NaturalGas_FE,NG Combustion Turbine (F-Frame),,Gas:CT,,
Gas:CT,2047,Moderate,890.7,1103.99,22.5,6.94,9.717,,0.55,0.08,0.105,0.2574,0.0799,0.0677,computed_real_wacc,30,NaturalGas_FE,NG Combustion Turbine (F-Frame),,Gas:CT,,
Gas:CT,2048,Moderate,881.9,1094.19,22.3,6.94,9.717,,0.55,0.08,0.105,0.2574,0.0799,0.0677,computed_real_wacc,30,NaturalGas_FE,NG Combustion Turbine (F-Frame),,Gas:CT,,
Gas:CT,2049,Moderate,873.1,1084.38,22.2,6.94,9.717,,0.55,0.08,0.105,0.2574,0.0799,0.0677,computed_real_wacc,30,NaturalGas_FE,NG Combustion Turbine (F-Frame),,Gas:CT,,
Gas:CT,2050,Moderate,864.3,1074.57,22.0,6.94,9.717,,0.55,0.08,0.105,0.2574,0.0799,0.0677,computed_real_wacc,30,NaturalGas_FE,NG Combustion Turbine (F-Frame),,Gas:CT,,
Gas:CC,2022,Moderate,1245.4,1499.25,34.5,2.17,6.363,,0.55,0.08,0.105,0.2574,0.0799,0.0677,computed_real_wacc,30,NaturalGas_FE,NG 2-on-1 Combined Cycle (F-Frame),,Gas:CC,,
Gas:CC,2023,Moderate,1234.7,1487.33,34.1,2.15,6.348,,0.55,0.08,0.105,0.2574,0.0799,0.0677,computed_real_wacc,30,NaturalGas_FE,NG 2-on-1 Combined Cycle (F-Frame),,Gas:CC,,
Gas:CC,2024,Moderate,1223.9,1475.29,33.8,2.14,6.332,,0.55,0.08,0.105,0.2574,0.0799,0.0677,computed_real_wacc,30,NaturalGas_FE,NG 2-on-1 Combined Cycle (F-Frame),,Gas:CC,,
Gas:CC,2025,Moderate,1213.1,1463.26,33.5,2.12,6.316,,0.55,0.08,0.105,0.2574,0.0799,0.0677,computed_real_wacc,30,NaturalGas_FE,NG 2-on-1 Combined Cycle (F-Frame),,Gas:CC,,
Gas:CC,2026,Moderate,1202.4,1451.34,33.1,2.1,6.3,,0.55,0.08,0.105,0.2574,0.0799,0.0677,computed_real_wacc,30,NaturalGas_FE,NG 2-on-1 Combined Cycle (F-Frame),,Gas:CC,,
Gas:CC,2027,Moderate,1191.6,1439.3,32.8,2.09,6.285,,0.55,0.08,0.105,0.2574,0.0799,0.0677,computed_real_wacc,30,NaturalGas_FE,NG 2-on-1 Combined Cycle (F-Frame),,Gas:CC,,
Gas:CC,2028,Moderate,1180.8,1427.27,32.4,2.07,6.269,,0.55,0.08,0.105,0.2574,0.0799,0.0677,computed_real_wacc,30,NaturalGas_FE,NG 2-on-1 Combined Cycle (F-Frame),,Gas:CC,,
Gas:CC,2029,Moderate,1170.1,1415.34,32.1,2.06,6.253,,0.55,0.08,0.105,0.2574,0.0799,0.0677,computed_real_wacc,30,NaturalGas_FE,NG 2-on-1 Combined Cycle (F-Frame),,Gas:CC,,
Gas:CC,2030,Moderate,1159.3,1403.31,31.8,2.04,6.238,,0.55,0.08,0.105,0.2574,0.0799,0.0677,computed_real_wacc,30,NaturalGas_FE,NG 2-on-1 Combined Cycle (F-Frame),,Gas:CC,,
Gas:CC,2031,Moderate,1148.5,1391.27,31.4,2.02,6.222,,0.55,0.08,0.105,0.2574,0.0799,0.0677,computed_real_wacc,30,NaturalGas_FE,NG 2-on-1 Combined Cycle (F-Frame),,Gas:CC,,
Gas:CC,2032,Moderate,1137.8,1379.35,31.1,2.01,6.206,,0.55,0.08,0.105,0.2574,0.0799,0.0677,computed_real_wacc,30,NaturalGas_FE,NG 2-on-1 Combined Cycle (F-Frame),,Gas:CC,,
Gas:CC,2033,Moderate,1127.0,1367.31,30.7,1.99,6.19,,0.55,0.08,0.105,0.2574,0.0799,0.0677,computed_real_wacc,30,NaturalGas_FE,NG 2-on-1 Combined Cycle (F-Frame),,Gas:CC,,
Gas:CC,2034,Moderate,1116.2,1355.28,30.4,1.98,6.175,,0.55,0.08,0.105,0.2574,0.0799,0.0677,computed_real_wacc,30,NaturalGas_FE,NG 2-on-1 Combined Cycle (F-Frame),,Gas:CC,,
Gas:CC,2035,Moderate,1105.5,1343.35,30.1,1.96,6.159,,0.55,0.08,0.105,0.2574,0.0799,0.0677,computed_real_wacc,30,NaturalGas_FE,NG 2-on-1 Combined Cycle (F-Frame),,Gas:CC,,
Gas:CC,2036,Moderate,1096.4,1333.21,29.8,1.95,6.159,,0.55,0.08,0.105,0.2574,0.0799,0.0677,computed_real_wacc,30,NaturalGas_FE,NG 2-on-1 Combined Cycle (F-Frame),,Gas:CC,,
Gas:CC,2037,Moderate,1087.3,1323.07,29.6,1.94,6.159,,0.55,0.08,0.105,0.2574,0.0799,0.0677,computed_real_wacc,30,NaturalGas_FE,NG 2-on-1 Combined Cycle (F-Frame),,Gas:CC,,
Gas:CC,2038,Moderate,1078.2,1312.93,29.4,1.93,6.159,,0.55,0.08,0.105,0.2574,0.0799,0.0677,computed_real_wacc,30,NaturalGas_FE,NG 2-on-1 Combined Cycle (F-Frame),,Gas:CC,,
Gas:CC,2039,Moderate,1069.0,1302.68,29.2,1.91,6.159,,0.55,0.08,0.105,0.2574,0.0799,0.0677,computed_real_wacc,30,NaturalGas_FE,NG 2-on-1 Combined Cycle (F-Frame),,Gas:CC,,
Gas:CC,2040,Moderate,1059.9,1292.54,29.0,1.9,6.159,,0.55,0.08,0.105,0.2574,0.0799,0.0677,computed_real_wacc,30,NaturalGas_FE,NG 2-on-1 Combined Cycle (F-Frame),,Gas:CC,,
Gas:CC,2041,Moderate,1050.8,1282.4,28.7,1.89,6.159,,0.55,0.08,0.105,0.2574,0.0799,0.0677,computed_real_wacc,30,NaturalGas_FE,NG 2-on-1 Combined Cycle (F-Frame),,Gas:CC,,
Gas:CC,2042,Moderate,1041.7,1272.26,28.5,1.88,6.159,,0.55,0.08,0.105,0.2574,0.0799,0.0677,computed_real_wacc,30,NaturalGas_FE,NG 2-on-1 Combined Cycle (F-Frame),,Gas:CC,,
Gas:CC,2043,Moderate,1032.6,1262.12,28.3,1.87,6.159,,0.55,0.08,0.105,0.2574,0.0799,0.0677,computed_real_wacc,30,NaturalGas_FE,NG 2-on-1 Combined Cycle (F-Frame),,Gas:CC,,
Gas:CC,2044,Moderate,1023.5,1251.98,28.1,1.86,6.159,,0.55,0.08,0.105,0.2574,0.0799,0.0677,computed_real_wacc,30,NaturalGas_FE,NG 2-on-1 Combined Cycle (F-Frame),,Gas:CC,,
Gas:CC,2045,Moderate,1014.4,1241.84,27.8,1.85,6.159,,0.55,0.08,0.105,0.2574,0.0799,0.0677,computed_real_wacc,30,NaturalGas_FE,NG 2-on-1 Combined Cycle (F-Frame),,Gas:CC,,
Gas:CC,2046,Moderate,1005.3,1231.7,27.6,1.83,6.159,,0.55,0.08,0.105,0.2574,0.0799,0.0677,computed_real_wacc,30,NaturalGas_FE,NG 2-on-1 Combined Cycle (F-Frame),,Gas:CC,,
Gas:CC,2047,Moderate,996.2,1221.56,27.4,1.82,6.159,,0.55,0.08,0.105,0.2574,0.0799,0.0677,computed_real_wacc,30,NaturalGas_FE,NG 2-on-1 Combined Cycle (F-Frame),,Gas:CC,,
Gas:CC,2048,Moderate,987.1,1211.42,27.2,1.81,6.159,,0.55,0.08,0.105,0.2574,0.0799,0.0677,computed_real_wacc,30,NaturalGas_FE,NG 2-on-1 Combined Cycle (F-Frame),,Gas:CC,,
Gas:CC,2049,Moderate,978.0,1201.27,27.0,1.8,6.159,,0.55,0.08,0.105,0.2574,0.0799,0.0677,computed_real_wacc,30,NaturalGas_FE,NG 2-on-1 Combined Cycle (F-Frame),,Gas:CC,,
Gas:CC,2050,Moderate,968.9,1191.13,26.7,1.79,6.159,,0.55,0.08,0.105,0.2574,0.0799,0.0677,computed_real_wacc,30,NaturalGas_FE,NG 2-on-1 Combined Cycle (F-Frame),,Gas:CC,,
Nuclear:SMR,2030,Moderate,8000.0,9650.0,136.0,2.6,9.18,0.93,0.4851,0.08,0.105,0.2574,0.0829,0.0586,atb_published,60,Nuclear,Nuclear - Small,ITC,Nuclear:SMR,,
Nuclear:SMR,2031,Moderate,7700.0,9292.59,136.0,2.6,9.18,0.93,0.4851,0.08,0.105,0.2574,0.0829,0.0586,atb_published,60,Nuclear,Nuclear - Small,ITC,Nuclear:SMR,,
Nuclear:SMR,2032,Moderate,7400.0,8935.19,136.0,2.6,9.18,0.93,0.4851,0.08,0.105,0.2574,0.0829,0.0586,atb_published,60,Nuclear,Nuclear - Small,ITC,Nuclear:SMR,,
Nuclear:SMR,2033,Moderate,7100.0,8577.78,136.0,2.6,9.18,0.93,0.4851,0.08,0.105,0.2574,0.0829,0.0586,atb_published,60,Nuclear,Nuclear - Small,ITC,Nuclear:SMR,,
Nuclear:SMR,2034,Moderate,6800.0,8220.37,136.0,2.6,9.18,0.93,0.4851,0.08,0.105,0.2574,0.0829,0.0586,atb_published,60,Nuclear,Nuclear - Small,ITC,Nuclear:SMR,,
Nuclear:SMR,2035,Moderate,6500.0,7862.96,136.0,2.6,9.18,0.93,0.4851,0.08,0.105,0.2574,0.0829,0.0586,atb_published,60,Nuclear,Nuclear - Small,ITC,Nuclear:SMR,,
Nuclear:SMR,2036,Moderate,6250.0,7565.12,136.0,2.6,9.18,0.93,0.4851,0.08,0.105,0.2574,0.0829,0.0586,atb_published,60,Nuclear,Nuclear - Small,ITC,Nuclear:SMR,,
Nuclear:SMR,2037,Moderate,6000.0,7267.28,136.0,2.6,9.18,0.93,0.4851,0.08,0.105,0.2574,0.0829,0.0586,atb_published,60,Nuclear,Nuclear - Small,ITC,Nuclear:SMR,,
Nuclear:SMR,2038,Moderate,5750.0,6969.44,136.0,2.6,9.18,0.93,0.4851,0.08,0.105,0.2574,0.0829,0.0586,atb_published,60,Nuclear,Nuclear - Small,ITC,Nuclear:SMR,,
Nuclear:SMR,2039,Moderate,5500.0,6671.61,136.0,2.6,9.18,0.93,0.4851,0.08,0.105,0.2574,0.0829,0.0586,atb_published,60,Nuclear,Nuclear - Small,ITC,Nuclear:SMR,,
Nuclear:SMR,2040,Moderate,5250.0,6373.77,136.0,2.6,9.18,0.93,0.4852,0.08,0.105,0.2574,0.0829,0.0586,atb_published,60,Nuclear,Nuclear - Small,ITC,Nuclear:SMR,,
Nuclear:SMR,2041,Moderate,5100.0,6195.06,136.0,2.6,9.18,0.93,0.4852,0.08,0.105,0.2574,0.0829,0.0586,atb_published,60,Nuclear,Nuclear - Small,ITC,Nuclear:SMR,,
Nuclear:SMR,2042,Moderate,4950.0,6016.36,136.0,2.6,9.18,0.93,0.4852,0.08,0.105,0.2574,0.0829,0.0586,atb_published,60,Nuclear,Nuclear - Small,ITC,Nuclear:SMR,,
Nuclear:SMR,2043,Moderate,4800.0,5837.65,136.0,2.6,9.18,0.93,0.4852,0.08,0.105,0.2574,0.0829,0.0586,atb_published,60,Nuclear,Nuclear - Small,ITC,Nuclear:SMR,,
Nuclear:SMR,2044,Moderate,4650.0,5658.95,136.0,2.6,9.18,0.93,0.4852,0.08,0.105,0.2574,0.0829,0.0586,atb_published,60,Nuclear,Nuclear - Small,ITC,Nuclear:SMR,,
Nuclear:SMR,2045,Moderate,4500.0,5480.25,136.0,2.6,9.18,0.93,0.4852,0.08,0.105,0.2574,0.0829,0.0586,atb_published,60,Nuclear,Nuclear - Small,ITC,Nuclear:SMR,,
Nuclear:SMR,2046,Moderate,4400.0,5361.11,136.0,2.6,9.18,0.93,0.4852,0.08,0.105,0.2574,0.0829,0.0586,atb_published,60,Nuclear,Nuclear - Small,ITC,Nuclear:SMR,,
Nuclear:SMR,2047,Moderate,4300.0,5241.98,136.0,2.6,9.18,0.93,0.4852,0.08,0.105,0.2574,0.0829,0.0586,atb_published,60,Nuclear,Nuclear - Small,ITC,Nuclear:SMR,,
Nuclear:SMR,2048,Moderate,4200.0,5122.84,136.0,2.6,9.18,0.93,0.4853,0.08,0.105,0.2574,0.0829,0.0586,atb_published,60,Nuclear,Nuclear - Small,ITC,Nuclear:SMR,,
Nuclear:SMR,2049,Moderate,4100.0,5003.7,136.0,2.6,9.18,0.93,0.4853,0.08,0.105,0.2574,0.0829,0.0586,atb_published,60,Nuclear,Nuclear - Small,ITC,Nuclear:SMR,,
Nuclear:SMR,2050,Moderate,4000.0,4884.57,136.0,2.6,9.18,0.93,0.4853,0.08,0.105,0.2574,0.0829,0.0586,atb_published,60,Nuclear,Nuclear - Small,ITC,Nuclear:SMR,,
Geothermal,2022,Moderate,9139.89,13414.91,199.96,,,0.8,0.5963,0.07,0.105,0.2574,0.0734,0.0612,atb_published,30,Geothermal,NFEGSBinary,ITC,Geothermal,,
Geothermal,2023,Moderate,8798.52,12867.59,197.02,,,0.8,0.5129,0.07,0.105,0.2574,0.0778,0.0658,atb_published,30,Geothermal,NFEGSBinary,ITC,Geothermal,,
Geothermal,2024,Moderate,8507.87,12397.28,194.07,,,0.8,0.5129,0.07,0.105,0.2574,0.0778,0.0662,atb_published,30,Geothermal,NFEGSBinary,ITC,Geothermal,,
Geothermal,2025,Moderate,8255.92,11985.86,191.13,,,0.8,0.5129,0.07,0.105,0.2574,0.0778,0.0662,atb_published,30,Geothermal,NFEGSBinary,ITC,Geothermal,,
Geothermal,2026,Moderate,8034.36,11620.78,188.19,,,0.8,0.5129,0.07,0.105,0.2574,0.0778,0.0662,atb_published,30,Geothermal,NFEGSBinary,ITC,Geothermal,,
Geothermal,2027,Moderate,7837.23,11293.05,185.24,,,0.8,0.5129,0.07,0.105,0.2574,0.0778,0.0662,atb_published,30,Geothermal,NFEGSBinary,ITC,Geothermal,,
Geothermal,2028,Moderate,7660.13,10995.98,182.3,,,0.8,0.5129,0.07,0.105,0.2574,0.0778,0.0662,atb_published,30,Geothermal,NFEGSBinary,ITC,Geothermal,,
Geothermal,2029,Moderate,7499.7,10724.49,179.36,,,0.8,0.5129,0.07,0.105,0.2574,0.0778,0.0662,atb_published,30,Geothermal,NFEGSBinary,ITC,Geothermal,,
Geothermal,2030,Moderate,7353.34,10474.64,176.41,,,0.8,0.5129,0.07,0.105,0.2574,0.0778,0.0662,atb_published,30,Geothermal,NFEGSBinary,ITC,Geothermal,,
Geothermal,2031,Moderate,7219.0,10243.31,173.47,,,0.8,0.5129,0.07,0.105,0.2574,0.0778,0.0662,atb_published,30,Geothermal,NFEGSBinary,ITC,Geothermal,,
Geothermal,2032,Moderate,7095.02,10027.99,170.53,,,0.8,0.5129,0.07,0.105,0.2574,0.0778,0.0662,atb_published,30,Geothermal,NFEGSBinary,ITC,Geothermal,,
Geothermal,2033,Moderate,6980.07,9826.64,167.58,,,0.8,0.5129,0.07,0.105,0.2574,0.0778,0.0662,atb_published,30,Geothermal,NFEGSBinary,ITC,Geothermal,,
Geothermal,2034,Moderate,6873.04,9637.58,164.64,,,0.8,0.5129,0.07,0.105,0.2574,0.0778,0.0662,atb_published,30,Geothermal,NFEGSBinary,ITC,Geothermal,,
Geothermal,2035,Moderate,6773.01,9459.39,161.7,,,0.8,0.5129,0.07,0.105,0.2574,0.0778,0.0662,atb_published,30,Geothermal,NFEGSBinary,ITC,Geothermal,,
Geothermal,2036,Moderate,6739.14,9412.78,161.7,,,0.8,0.5129,0.07,0.105,0.2574,0.0778,0.0662,atb_published,30,Geothermal,NFEGSBinary,ITC,Geothermal,,
Geothermal,2037,Moderate,6705.45,9366.4,161.7,,,0.8,0.5129,0.07,0.105,0.2574,0.0778,0.0662,atb_published,30,Geothermal,NFEGSBinary,ITC,Geothermal,,
Geothermal,2038,Moderate,6671.92,9320.26,161.7,,,0.8,0.5129,0.07,0.105,0.2574,0.0778,0.0662,atb_published,30,Geothermal,NFEGSBinary,ITC,Geothermal,,
Geothermal,2039,Moderate,6638.56,9274.35,161.7,,,0.8,0.5129,0.07,0.105,0.2574,0.0778,0.0662,atb_published,30,Geothermal,NFEGSBinary,ITC,Geothermal,,
Geothermal,2040,Moderate,6605.37,9228.66,161.7,,,0.8,0.5129,0.07,0.105,0.2574,0.0778,0.0662,atb_published,30,Geothermal,NFEGSBinary,ITC,Geothermal,,
Geothermal,2041,Moderate,6572.34,9183.21,161.7,,,0.8,0.5129,0.07,0.105,0.2574,0.0778,0.0662,atb_published,30,Geothermal,NFEGSBinary,ITC,Geothermal,,
Geothermal,2042,Moderate,6539.48,9137.98,161.7,,,0.8,0.5129,0.07,0.105,0.2574,0.0778,0.0662,atb_published,30,Geothermal,NFEGSBinary,ITC,Geothermal,,
Geothermal,2043,Moderate,6506.78,9092.98,161.7,,,0.8,0.5129,0.07,0.105,0.2574,0.0778,0.0662,atb_published,30,Geothermal,NFEGSBinary,ITC,Geothermal,,
Geothermal,2044,Moderate,6474.25,9048.2,161.7,,,0.8,0.5129,0.07,0.105,0.2574,0.0778,0.0662,atb_published,30,Geothermal,NFEGSBinary,ITC,Geothermal,,
Geothermal,2045,Moderate,6441.88,9003.65,161.7,,,0.8,0.5129,0.07,0.105,0.2574,0.0778,0.0662,atb_published,30,Geothermal,NFEGSBinary,ITC,Geothermal,,
Geothermal,2046,Moderate,6409.67,8959.32,161.7,,,0.8,0.5129,0.07,0.105,0.2574,0.0778,0.0662,atb_published,30,Geothermal,NFEGSBinary,ITC,Geothermal,,
Geothermal,2047,Moderate,6377.62,8915.21,161.7,,,0.8,0.5129,0.07,0.105,0.2574,0.0778,0.0662,atb_published,30,Geothermal,NFEGSBinary,ITC,Geothermal,,
Geothermal,2048,Moderate,6345.73,8871.32,161.7,,,0.8,0.5129,0.07,0.105,0.2574,0.0778,0.0662,atb_published,30,Geothermal,NFEGSBinary,ITC,Geothermal,,
Geothermal,2049,Moderate,6314.0,8827.65,161.7,,,0.8,0.513,0.07,0.105,0.2574,0.0778,0.0662,atb_published,30,Geothermal,NFEGSBinary,ITC,Geothermal,,
Geothermal,2050,Moderate,6282.43,8784.2,161.7,,,0.8,0.513,0.07,0.105,0.2574,0.0778,0.0662,atb_published,30,Geothermal,NFEGSBinary,ITC,Geothermal,,
